mean_fit_time,std_fit_time,mean_score_time,std_score_time,param_activation,param_alpha,param_hidden_layer_sizes,param_learning_rate_init,param_max_iter,param_random_state,param_shuffle,param_solver,params,split0_test_score,split1_test_score,split2_test_score,mean_test_score,std_test_score,rank_test_score
0.05977543195088705,0.019895928655109765,0.006506284077962239,0.0001422467841183567,logistic,0.0001,"(20,)",0.001,50000,74,False,sgd,"{'activation': 'logistic', 'alpha': 0.0001, 'hidden_layer_sizes': (20,), 'learning_rate_init': 0.001, 'max_iter': 50000, 'random_state': 74, 'shuffle': False, 'solver': 'sgd'}",0.5384615384615384,0.5172413793103449,0.5172413793103449,0.5243147656940761,0.010003278955777833,152
1.461034615834554,0.01819988486808494,0.007546663284301758,0.0007851284419128643,logistic,0.0001,"(20,)",0.001,50000,74,False,adam,"{'activation': 'logistic', 'alpha': 0.0001, 'hidden_layer_sizes': (20,), 'learning_rate_init': 0.001, 'max_iter': 50000, 'random_state': 74, 'shuffle': False, 'solver': 'adam'}",0.9316239316239316,0.9137931034482759,0.9310344827586207,0.9254838392769428,0.008270100388466064,38
0.8685632546742758,1.1703535265678886,0.006917794545491536,0.0008050305463719515,logistic,0.0001,"(20,)",0.01,50000,74,False,sgd,"{'activation': 'logistic', 'alpha': 0.0001, 'hidden_layer_sizes': (20,), 'learning_rate_init': 0.01, 'max_iter': 50000, 'random_state': 74, 'shuffle': False, 'solver': 'sgd'}",0.47863247863247865,0.4827586206896552,0.9051724137931034,0.622187837705079,0.20010740281135384,147
0.3516685962677002,0.005769325441201922,0.006410280863444011,7.307113490764806e-05,logistic,0.0001,"(20,)",0.01,50000,74,False,adam,"{'activation': 'logistic', 'alpha': 0.0001, 'hidden_layer_sizes': (20,), 'learning_rate_init': 0.01, 'max_iter': 50000, 'random_state': 74, 'shuffle': False, 'solver': 'adam'}",0.9487179487179487,0.9310344827586207,0.9310344827586207,0.93692897141173,0.008336065796481544,13
0.6864827473958334,0.01457101229722991,0.006534973780314128,0.000182921215630245,logistic,0.0001,"(20,)",0.1,50000,74,False,sgd,"{'activation': 'logistic', 'alpha': 0.0001, 'hidden_layer_sizes': (20,), 'learning_rate_init': 0.1, 'max_iter': 50000, 'random_state': 74, 'shuffle': False, 'solver': 'sgd'}",0.9316239316239316,0.8879310344827587,0.9137931034482759,0.9111160231849887,0.017937714165027485,77
0.0910186767578125,0.0037904999574324143,0.006353060404459636,1.4894749003534928e-05,logistic,0.0001,"(20,)",0.1,50000,74,False,adam,"{'activation': 'logistic', 'alpha': 0.0001, 'hidden_layer_sizes': (20,), 'learning_rate_init': 0.1, 'max_iter': 50000, 'random_state': 74, 'shuffle': False, 'solver': 'adam'}",0.9572649572649573,0.9224137931034483,0.9655172413793104,0.9483986639159053,0.018680385107219862,2
0.18193594614664713,0.006705371631290022,0.006352663040161133,2.807541168952893e-06,logistic,0.0001,"(20,)",1.0,50000,74,False,sgd,"{'activation': 'logistic', 'alpha': 0.0001, 'hidden_layer_sizes': (20,), 'learning_rate_init': 1.0, 'max_iter': 50000, 'random_state': 74, 'shuffle': False, 'solver': 'sgd'}",0.9230769230769231,0.896551724137931,0.9310344827586207,0.9168877099911583,0.014742114943000052,59
0.2236210505167643,0.02485440679459306,0.006345589955647786,5.9503894002707425e-06,logistic,0.0001,"(20,)",1.0,50000,74,False,adam,"{'activation': 'logistic', 'alpha': 0.0001, 'hidden_layer_sizes': (20,), 'learning_rate_init': 1.0, 'max_iter': 50000, 'random_state': 74, 'shuffle': False, 'solver': 'adam'}",0.9145299145299145,0.8793103448275862,0.9224137931034483,0.905418017486983,0.018739384801503275,85
0.13515806198120117,0.024135877835380397,0.006925344467163086,7.602026649200515e-06,logistic,0.0001,"(100,)",0.001,50000,74,False,sgd,"{'activation': 'logistic', 'alpha': 0.0001, 'hidden_layer_sizes': (100,), 'learning_rate_init': 0.001, 'max_iter': 50000, 'random_state': 74, 'shuffle': False, 'solver': 'sgd'}",0.47863247863247865,0.4827586206896552,0.5172413793103449,0.4928774928774929,0.01731002568173872,160
2.129857858022054,0.061930951673094425,0.007725079854329427,0.0009078891907442238,logistic,0.0001,"(100,)",0.001,50000,74,False,adam,"{'activation': 'logistic', 'alpha': 0.0001, 'hidden_layer_sizes': (100,), 'learning_rate_init': 0.001, 'max_iter': 50000, 'random_state': 74, 'shuffle': False, 'solver': 'adam'}",0.9316239316239316,0.9224137931034483,0.9310344827586207,0.9283574024953335,0.0042096501789486785,31
0.07924421628316243,0.007788289683041579,0.006988366444905599,3.6303007456027726e-05,logistic,0.0001,"(100,)",0.01,50000,74,False,sgd,"{'activation': 'logistic', 'alpha': 0.0001, 'hidden_layer_sizes': (100,), 'learning_rate_init': 0.01, 'max_iter': 50000, 'random_state': 74, 'shuffle': False, 'solver': 'sgd'}",0.47863247863247865,0.4827586206896552,0.5172413793103449,0.4928774928774929,0.01731002568173872,160
0.5358453591664633,0.013398327568090729,0.006987174352010091,4.488408729060299e-05,logistic,0.0001,"(100,)",0.01,50000,74,False,adam,"{'activation': 'logistic', 'alpha': 0.0001, 'hidden_layer_sizes': (100,), 'learning_rate_init': 0.01, 'max_iter': 50000, 'random_state': 74, 'shuffle': False, 'solver': 'adam'}",0.9487179487179487,0.9310344827586207,0.9396551724137931,0.9398025346301209,0.007219996712869932,11
1.0172320206960042,0.676772893269061,0.0070765018463134766,0.00019465247794845243,logistic,0.0001,"(100,)",0.1,50000,74,False,sgd,"{'activation': 'logistic', 'alpha': 0.0001, 'hidden_layer_sizes': (100,), 'learning_rate_init': 0.1, 'max_iter': 50000, 'random_state': 74, 'shuffle': False, 'solver': 'sgd'}",0.9316239316239316,0.896551724137931,0.5172413793103449,0.7818056783574026,0.187622344408799,138
0.3077551523844401,0.009874731644525405,0.006925344467163086,2.5223588949686307e-05,logistic,0.0001,"(100,)",0.1,50000,74,False,adam,"{'activation': 'logistic', 'alpha': 0.0001, 'hidden_layer_sizes': (100,), 'learning_rate_init': 0.1, 'max_iter': 50000, 'random_state': 74, 'shuffle': False, 'solver': 'adam'}",0.9658119658119658,0.9310344827586207,0.9396551724137931,0.9455005403281266,0.014787259751147634,5
0.4282243251800537,0.01929802379330088,0.006933530171712239,1.0684297681334064e-05,logistic,0.0001,"(100,)",1.0,50000,74,False,sgd,"{'activation': 'logistic', 'alpha': 0.0001, 'hidden_layer_sizes': (100,), 'learning_rate_init': 1.0, 'max_iter': 50000, 'random_state': 74, 'shuffle': False, 'solver': 'sgd'}",0.9145299145299145,0.9224137931034483,0.9224137931034483,0.9197858335789371,0.0037164960009313775,51
0.9195676644643148,0.011708519626087903,0.006944179534912109,2.378058507354039e-05,logistic,0.0001,"(100,)",1.0,50000,74,False,adam,"{'activation': 'logistic', 'alpha': 0.0001, 'hidden_layer_sizes': (100,), 'learning_rate_init': 1.0, 'max_iter': 50000, 'random_state': 74, 'shuffle': False, 'solver': 'adam'}",0.9316239316239316,0.896551724137931,0.9310344827586207,0.9197367128401611,0.016396028753595714,53
0.21406197547912598,0.04349162074839347,0.007031838099161784,1.784409058250183e-05,logistic,0.0001,"(50, 50, 50)",0.001,50000,74,False,sgd,"{'activation': 'logistic', 'alpha': 0.0001, 'hidden_layer_sizes': (50, 50, 50), 'learning_rate_init': 0.001, 'max_iter': 50000, 'random_state': 74, 'shuffle': False, 'solver': 'sgd'}",0.47863247863247865,0.4827586206896552,0.5172413793103449,0.4928774928774929,0.01731002568173872,160
0.11425542831420898,0.0076550147133545255,0.007007201512654622,4.533437314653924e-06,logistic,0.0001,"(50, 50, 50)",0.001,50000,74,False,adam,"{'activation': 'logistic', 'alpha': 0.0001, 'hidden_layer_sizes': (50, 50, 50), 'learning_rate_init': 0.001, 'max_iter': 50000, 'random_state': 74, 'shuffle': False, 'solver': 'adam'}",0.47863247863247865,0.4827586206896552,0.5172413793103449,0.4928774928774929,0.01731002568173872,160
0.10049637158711751,0.01138288592572527,0.007106304168701172,5.685504157549515e-06,logistic,0.0001,"(50, 50, 50)",0.01,50000,74,False,sgd,"{'activation': 'logistic', 'alpha': 0.0001, 'hidden_layer_sizes': (50, 50, 50), 'learning_rate_init': 0.01, 'max_iter': 50000, 'random_state': 74, 'shuffle': False, 'solver': 'sgd'}",0.47863247863247865,0.4827586206896552,0.5172413793103449,0.4928774928774929,0.01731002568173872,160
0.31933220227559406,0.014025431694303104,0.007114569346110026,1.389161945552117e-05,logistic,0.0001,"(50, 50, 50)",0.01,50000,74,False,adam,"{'activation': 'logistic', 'alpha': 0.0001, 'hidden_layer_sizes': (50, 50, 50), 'learning_rate_init': 0.01, 'max_iter': 50000, 'random_state': 74, 'shuffle': False, 'solver': 'adam'}",0.9401709401709402,0.9137931034482759,0.9482758620689655,0.9340799685627271,0.014721641934517773,20
0.08387025197347005,0.006709629453725411,0.0070569515228271484,2.9992134896769184e-05,logistic,0.0001,"(50, 50, 50)",0.1,50000,74,False,sgd,"{'activation': 'logistic', 'alpha': 0.0001, 'hidden_layer_sizes': (50, 50, 50), 'learning_rate_init': 0.1, 'max_iter': 50000, 'random_state': 74, 'shuffle': False, 'solver': 'sgd'}",0.47863247863247865,0.4827586206896552,0.5172413793103449,0.4928774928774929,0.01731002568173872,160
0.29724780718485516,0.13668305643879436,0.007094621658325195,8.785975347847118e-06,logistic,0.0001,"(50, 50, 50)",0.1,50000,74,False,adam,"{'activation': 'logistic', 'alpha': 0.0001, 'hidden_layer_sizes': (50, 50, 50), 'learning_rate_init': 0.1, 'max_iter': 50000, 'random_state': 74, 'shuffle': False, 'solver': 'adam'}",0.9316239316239316,0.9051724137931034,0.9310344827586207,0.9226102760585518,0.012332778621293967,48
0.08688735961914062,0.0022206258930753133,0.007018248240152995,1.4252477513289118e-05,logistic,0.0001,"(50, 50, 50)",1.0,50000,74,False,sgd,"{'activation': 'logistic', 'alpha': 0.0001, 'hidden_layer_sizes': (50, 50, 50), 'learning_rate_init': 1.0, 'max_iter': 50000, 'random_state': 74, 'shuffle': False, 'solver': 'sgd'}",0.47863247863247865,0.4827586206896552,0.5172413793103449,0.4928774928774929,0.01731002568173872,160
0.20219930013020834,0.04559821439040728,0.007095019022623698,3.729115217959436e-05,logistic,0.0001,"(50, 50, 50)",1.0,50000,74,False,adam,"{'activation': 'logistic', 'alpha': 0.0001, 'hidden_layer_sizes': (50, 50, 50), 'learning_rate_init': 1.0, 'max_iter': 50000, 'random_state': 74, 'shuffle': False, 'solver': 'adam'}",0.47863247863247865,0.4827586206896552,0.5172413793103449,0.4928774928774929,0.01731002568173872,160
0.20472304026285806,0.04165458961830836,0.007393042246500651,1.1178303383202389e-05,logistic,0.0001,"(50, 100, 50)",0.001,50000,74,False,sgd,"{'activation': 'logistic', 'alpha': 0.0001, 'hidden_layer_sizes': (50, 100, 50), 'learning_rate_init': 0.001, 'max_iter': 50000, 'random_state': 74, 'shuffle': False, 'solver': 'sgd'}",0.47863247863247865,0.4827586206896552,0.5172413793103449,0.4928774928774929,0.01731002568173872,160
0.1150361696879069,0.009340331148609824,0.0073633988698323565,1.659403967792689e-05,logistic,0.0001,"(50, 100, 50)",0.001,50000,74,False,adam,"{'activation': 'logistic', 'alpha': 0.0001, 'hidden_layer_sizes': (50, 100, 50), 'learning_rate_init': 0.001, 'max_iter': 50000, 'random_state': 74, 'shuffle': False, 'solver': 'adam'}",0.47863247863247865,0.4827586206896552,0.5172413793103449,0.4928774928774929,0.01731002568173872,160
0.10665591557820638,0.011148004449310859,0.0073591868082682295,4.533437314653925e-06,logistic,0.0001,"(50, 100, 50)",0.01,50000,74,False,sgd,"{'activation': 'logistic', 'alpha': 0.0001, 'hidden_layer_sizes': (50, 100, 50), 'learning_rate_init': 0.01, 'max_iter': 50000, 'random_state': 74, 'shuffle': False, 'solver': 'sgd'}",0.47863247863247865,0.4827586206896552,0.5172413793103449,0.4928774928774929,0.01731002568173872,160
0.4523497422536214,0.03293846152476965,0.00738827387491862,1.2780560318868899e-05,logistic,0.0001,"(50, 100, 50)",0.01,50000,74,False,adam,"{'activation': 'logistic', 'alpha': 0.0001, 'hidden_layer_sizes': (50, 100, 50), 'learning_rate_init': 0.01, 'max_iter': 50000, 'random_state': 74, 'shuffle': False, 'solver': 'adam'}",0.9487179487179487,0.9310344827586207,0.9655172413793104,0.9484232242852934,0.01407906974653252,1
0.09864505132039388,0.008181880995405264,0.00725865364074707,3.126890947920109e-05,logistic,0.0001,"(50, 100, 50)",0.1,50000,74,False,sgd,"{'activation': 'logistic', 'alpha': 0.0001, 'hidden_layer_sizes': (50, 100, 50), 'learning_rate_init': 0.1, 'max_iter': 50000, 'random_state': 74, 'shuffle': False, 'solver': 'sgd'}",0.47863247863247865,0.4827586206896552,0.5172413793103449,0.4928774928774929,0.01731002568173872,160
0.5493044853210449,0.1757622036000945,0.0073744455973307295,2.8484341261076367e-05,logistic,0.0001,"(50, 100, 50)",0.1,50000,74,False,adam,"{'activation': 'logistic', 'alpha': 0.0001, 'hidden_layer_sizes': (50, 100, 50), 'learning_rate_init': 0.1, 'max_iter': 50000, 'random_state': 74, 'shuffle': False, 'solver': 'adam'}",0.9230769230769231,0.8879310344827587,0.9137931034482759,0.9082670203359858,0.014870811840454606,83
0.10297012329101562,0.0027522558381318056,0.007362524668375651,2.0119037496172245e-05,logistic,0.0001,"(50, 100, 50)",1.0,50000,74,False,sgd,"{'activation': 'logistic', 'alpha': 0.0001, 'hidden_layer_sizes': (50, 100, 50), 'learning_rate_init': 1.0, 'max_iter': 50000, 'random_state': 74, 'shuffle': False, 'solver': 'sgd'}",0.47863247863247865,0.4827586206896552,0.5172413793103449,0.4928774928774929,0.01731002568173872,160
0.23633456230163574,0.03204807163530927,0.007436116536458333,0.00010805041857220798,logistic,0.0001,"(50, 100, 50)",1.0,50000,74,False,adam,"{'activation': 'logistic', 'alpha': 0.0001, 'hidden_layer_sizes': (50, 100, 50), 'learning_rate_init': 1.0, 'max_iter': 50000, 'random_state': 74, 'shuffle': False, 'solver': 'adam'}",0.47863247863247865,0.4827586206896552,0.5172413793103449,0.4928774928774929,0.01731002568173872,160
0.05974006652832031,0.02002401925892343,0.00640114148457845,9.267755398673455e-05,logistic,0.05,"(20,)",0.001,50000,74,False,sgd,"{'activation': 'logistic', 'alpha': 0.05, 'hidden_layer_sizes': (20,), 'learning_rate_init': 0.001, 'max_iter': 50000, 'random_state': 74, 'shuffle': False, 'solver': 'sgd'}",0.5384615384615384,0.5172413793103449,0.5172413793103449,0.5243147656940761,0.010003278955777833,152
1.7717742919921875,0.024292574571468873,0.006530920664469401,0.00012301233229850794,logistic,0.05,"(20,)",0.001,50000,74,False,adam,"{'activation': 'logistic', 'alpha': 0.05, 'hidden_layer_sizes': (20,), 'learning_rate_init': 0.001, 'max_iter': 50000, 'random_state': 74, 'shuffle': False, 'solver': 'adam'}",0.9145299145299145,0.8793103448275862,0.896551724137931,0.8967973278318105,0.014379377904604126,98
0.7912178039550781,1.061197967667456,0.006923119227091472,0.0008961553688222189,logistic,0.05,"(20,)",0.01,50000,74,False,sgd,"{'activation': 'logistic', 'alpha': 0.05, 'hidden_layer_sizes': (20,), 'learning_rate_init': 0.01, 'max_iter': 50000, 'random_state': 74, 'shuffle': False, 'solver': 'sgd'}",0.47863247863247865,0.4827586206896552,0.9137931034482759,0.62506140092347,0.20417109376570064,145
0.6068993409474691,0.009698334950380588,0.0063546498616536455,2.7757993924684535e-05,logistic,0.05,"(20,)",0.01,50000,74,False,adam,"{'activation': 'logistic', 'alpha': 0.05, 'hidden_layer_sizes': (20,), 'learning_rate_init': 0.01, 'max_iter': 50000, 'random_state': 74, 'shuffle': False, 'solver': 'adam'}",0.9145299145299145,0.9051724137931034,0.896551724137931,0.905418017486983,0.007341619863192635,85
0.5727983315785726,0.0013270519657303849,0.006328900655110677,1.0856702398776523e-05,logistic,0.05,"(20,)",0.1,50000,74,False,sgd,"{'activation': 'logistic', 'alpha': 0.05, 'hidden_layer_sizes': (20,), 'learning_rate_init': 0.1, 'max_iter': 50000, 'random_state': 74, 'shuffle': False, 'solver': 'sgd'}",0.9145299145299145,0.8879310344827587,0.9051724137931034,0.9025444542685923,0.011016797277720904,92
0.1733556588490804,0.03745432017986748,0.006291786829630534,7.132218725263142e-06,logistic,0.05,"(20,)",0.1,50000,74,False,adam,"{'activation': 'logistic', 'alpha': 0.05, 'hidden_layer_sizes': (20,), 'learning_rate_init': 0.1, 'max_iter': 50000, 'random_state': 74, 'shuffle': False, 'solver': 'adam'}",0.9145299145299145,0.9137931034482759,0.9051724137931034,0.9111651439237646,0.004248163011365987,74
0.11992939313252766,0.007377679776619243,0.006459871927897136,0.00021680735066782468,logistic,0.05,"(20,)",1.0,50000,74,False,sgd,"{'activation': 'logistic', 'alpha': 0.05, 'hidden_layer_sizes': (20,), 'learning_rate_init': 1.0, 'max_iter': 50000, 'random_state': 74, 'shuffle': False, 'solver': 'sgd'}",0.9145299145299145,0.896551724137931,0.9051724137931034,0.9054180174869829,0.007341619863192635,89
0.09919126828511556,0.02290969982736985,0.006431182225545247,0.0002079817644690706,logistic,0.05,"(20,)",1.0,50000,74,False,adam,"{'activation': 'logistic', 'alpha': 0.05, 'hidden_layer_sizes': (20,), 'learning_rate_init': 1.0, 'max_iter': 50000, 'random_state': 74, 'shuffle': False, 'solver': 'adam'}",0.8290598290598291,0.8620689655172413,0.8793103448275862,0.8568130464682189,0.020848614622540406,131
0.13510028521219888,0.024117360482182364,0.006879647572835286,9.425494562303559e-06,logistic,0.05,"(100,)",0.001,50000,74,False,sgd,"{'activation': 'logistic', 'alpha': 0.05, 'hidden_layer_sizes': (100,), 'learning_rate_init': 0.001, 'max_iter': 50000, 'random_state': 74, 'shuffle': False, 'solver': 'sgd'}",0.47863247863247865,0.4827586206896552,0.5172413793103449,0.4928774928774929,0.01731002568173872,160
3.317894220352173,0.09492711286205359,0.0072812239329020185,4.5709400953400356e-05,logistic,0.05,"(100,)",0.001,50000,74,False,adam,"{'activation': 'logistic', 'alpha': 0.05, 'hidden_layer_sizes': (100,), 'learning_rate_init': 0.001, 'max_iter': 50000, 'random_state': 74, 'shuffle': False, 'solver': 'adam'}",0.9145299145299145,0.8793103448275862,0.896551724137931,0.8967973278318105,0.014379377904604126,98
0.07926297187805176,0.007637660543047756,0.00691684087117513,5.83699886580201e-05,logistic,0.05,"(100,)",0.01,50000,74,False,sgd,"{'activation': 'logistic', 'alpha': 0.05, 'hidden_layer_sizes': (100,), 'learning_rate_init': 0.01, 'max_iter': 50000, 'random_state': 74, 'shuffle': False, 'solver': 'sgd'}",0.47863247863247865,0.4827586206896552,0.5172413793103449,0.4928774928774929,0.01731002568173872,160
1.1671899159749348,0.03923449175120072,0.007210652033487956,5.806861664181427e-05,logistic,0.05,"(100,)",0.01,50000,74,False,adam,"{'activation': 'logistic', 'alpha': 0.05, 'hidden_layer_sizes': (100,), 'learning_rate_init': 0.01, 'max_iter': 50000, 'random_state': 74, 'shuffle': False, 'solver': 'adam'}",0.9145299145299145,0.9051724137931034,0.896551724137931,0.905418017486983,0.007341619863192635,85
0.8739519913991293,0.5753297875538093,0.007035017013549805,0.00010308527533613842,logistic,0.05,"(100,)",0.1,50000,74,False,sgd,"{'activation': 'logistic', 'alpha': 0.05, 'hidden_layer_sizes': (100,), 'learning_rate_init': 0.1, 'max_iter': 50000, 'random_state': 74, 'shuffle': False, 'solver': 'sgd'}",0.9145299145299145,0.896551724137931,0.5172413793103449,0.7761076726593967,0.18319319893971803,139
0.283372163772583,0.00466821362945087,0.006989638010660808,7.316572049314602e-05,logistic,0.05,"(100,)",0.1,50000,74,False,adam,"{'activation': 'logistic', 'alpha': 0.05, 'hidden_layer_sizes': (100,), 'learning_rate_init': 0.1, 'max_iter': 50000, 'random_state': 74, 'shuffle': False, 'solver': 'adam'}",0.8888888888888888,0.8620689655172413,0.896551724137931,0.8825031928480204,0.014783955175977321,116
0.46088727315266925,0.007484062890077823,0.00720516840616862,0.00010053357587889712,logistic,0.05,"(100,)",1.0,50000,74,False,sgd,"{'activation': 'logistic', 'alpha': 0.05, 'hidden_layer_sizes': (100,), 'learning_rate_init': 1.0, 'max_iter': 50000, 'random_state': 74, 'shuffle': False, 'solver': 'sgd'}",0.9145299145299145,0.9051724137931034,0.896551724137931,0.905418017486983,0.007341619863192635,85
0.3821038405100505,0.08490323003544006,0.007018248240152995,0.00012791393160721835,logistic,0.05,"(100,)",1.0,50000,74,False,adam,"{'activation': 'logistic', 'alpha': 0.05, 'hidden_layer_sizes': (100,), 'learning_rate_init': 1.0, 'max_iter': 50000, 'random_state': 74, 'shuffle': False, 'solver': 'adam'}",0.8632478632478633,0.8275862068965517,0.8103448275862069,0.8337262992435406,0.022029651927599567,133
0.21426932017008463,0.0436530859999568,0.0071303049723307295,5.064822245865497e-05,logistic,0.05,"(50, 50, 50)",0.001,50000,74,False,sgd,"{'activation': 'logistic', 'alpha': 0.05, 'hidden_layer_sizes': (50, 50, 50), 'learning_rate_init': 0.001, 'max_iter': 50000, 'random_state': 74, 'shuffle': False, 'solver': 'sgd'}",0.47863247863247865,0.4827586206896552,0.5172413793103449,0.4928774928774929,0.01731002568173872,160
0.11805605888366699,0.010247504041837139,0.007068157196044922,6.728840832352668e-05,logistic,0.05,"(50, 50, 50)",0.001,50000,74,False,adam,"{'activation': 'logistic', 'alpha': 0.05, 'hidden_layer_sizes': (50, 50, 50), 'learning_rate_init': 0.001, 'max_iter': 50000, 'random_state': 74, 'shuffle': False, 'solver': 'adam'}",0.47863247863247865,0.4827586206896552,0.5172413793103449,0.4928774928774929,0.01731002568173872,160
0.10003010431925456,0.011499631150769555,0.0070192813873291016,1.908937428284e-05,logistic,0.05,"(50, 50, 50)",0.01,50000,74,False,sgd,"{'activation': 'logistic', 'alpha': 0.05, 'hidden_layer_sizes': (50, 50, 50), 'learning_rate_init': 0.01, 'max_iter': 50000, 'random_state': 74, 'shuffle': False, 'solver': 'sgd'}",0.47863247863247865,0.4827586206896552,0.5172413793103449,0.4928774928774929,0.01731002568173872,160
0.1287376880645752,0.020838826249451946,0.007007757822672526,9.289830014675431e-06,logistic,0.05,"(50, 50, 50)",0.01,50000,74,False,adam,"{'activation': 'logistic', 'alpha': 0.05, 'hidden_layer_sizes': (50, 50, 50), 'learning_rate_init': 0.01, 'max_iter': 50000, 'random_state': 74, 'shuffle': False, 'solver': 'adam'}",0.47863247863247865,0.4827586206896552,0.5172413793103449,0.4928774928774929,0.01731002568173872,160
0.08378299077351888,0.007069439948243562,0.007045427958170573,6.588103541076249e-05,logistic,0.05,"(50, 50, 50)",0.1,50000,74,False,sgd,"{'activation': 'logistic', 'alpha': 0.05, 'hidden_layer_sizes': (50, 50, 50), 'learning_rate_init': 0.1, 'max_iter': 50000, 'random_state': 74, 'shuffle': False, 'solver': 'sgd'}",0.47863247863247865,0.4827586206896552,0.5172413793103449,0.4928774928774929,0.01731002568173872,160
0.2217381795247396,0.0380423869564572,0.0070781707763671875,3.41202449270506e-05,logistic,0.05,"(50, 50, 50)",0.1,50000,74,False,adam,"{'activation': 'logistic', 'alpha': 0.05, 'hidden_layer_sizes': (50, 50, 50), 'learning_rate_init': 0.1, 'max_iter': 50000, 'random_state': 74, 'shuffle': False, 'solver': 'adam'}",0.9401709401709402,0.8793103448275862,0.8448275862068966,0.8881029570684742,0.0394171816072821,115
0.08209951718648274,0.002405442498937709,0.007022539774576823,6.228472116866331e-05,logistic,0.05,"(50, 50, 50)",1.0,50000,74,False,sgd,"{'activation': 'logistic', 'alpha': 0.05, 'hidden_layer_sizes': (50, 50, 50), 'learning_rate_init': 1.0, 'max_iter': 50000, 'random_state': 74, 'shuffle': False, 'solver': 'sgd'}",0.47863247863247865,0.4827586206896552,0.5172413793103449,0.4928774928774929,0.01731002568173872,160
0.09075816472371419,0.011150612695867992,0.007009585698445638,2.9910738097125394e-05,logistic,0.05,"(50, 50, 50)",1.0,50000,74,False,adam,"{'activation': 'logistic', 'alpha': 0.05, 'hidden_layer_sizes': (50, 50, 50), 'learning_rate_init': 1.0, 'max_iter': 50000, 'random_state': 74, 'shuffle': False, 'solver': 'adam'}",0.47863247863247865,0.4827586206896552,0.4827586206896552,0.4813832400039297,0.001945082019179029,192
0.2058094342549642,0.04423753068268905,0.007274309794108073,1.9019102341815878e-05,logistic,0.05,"(50, 100, 50)",0.001,50000,74,False,sgd,"{'activation': 'logistic', 'alpha': 0.05, 'hidden_layer_sizes': (50, 100, 50), 'learning_rate_init': 0.001, 'max_iter': 50000, 'random_state': 74, 'shuffle': False, 'solver': 'sgd'}",0.47863247863247865,0.4827586206896552,0.5172413793103449,0.4928774928774929,0.01731002568173872,160
0.11679657300313313,0.012294635310520451,0.00731968879699707,4.632974629540598e-05,logistic,0.05,"(50, 100, 50)",0.001,50000,74,False,adam,"{'activation': 'logistic', 'alpha': 0.05, 'hidden_layer_sizes': (50, 100, 50), 'learning_rate_init': 0.001, 'max_iter': 50000, 'random_state': 74, 'shuffle': False, 'solver': 'adam'}",0.47863247863247865,0.4827586206896552,0.5172413793103449,0.4928774928774929,0.01731002568173872,160
0.10659074783325195,0.011251819735942442,0.0073384443918863935,6.519032296556875e-05,logistic,0.05,"(50, 100, 50)",0.01,50000,74,False,sgd,"{'activation': 'logistic', 'alpha': 0.05, 'hidden_layer_sizes': (50, 100, 50), 'learning_rate_init': 0.01, 'max_iter': 50000, 'random_state': 74, 'shuffle': False, 'solver': 'sgd'}",0.47863247863247865,0.4827586206896552,0.5172413793103449,0.4928774928774929,0.01731002568173872,160
0.15998593966166177,0.018382600246424435,0.0072936216990153,5.526867448202811e-05,logistic,0.05,"(50, 100, 50)",0.01,50000,74,False,adam,"{'activation': 'logistic', 'alpha': 0.05, 'hidden_layer_sizes': (50, 100, 50), 'learning_rate_init': 0.01, 'max_iter': 50000, 'random_state': 74, 'shuffle': False, 'solver': 'adam'}",0.47863247863247865,0.4827586206896552,0.5172413793103449,0.4928774928774929,0.01731002568173872,160
0.09861238797505696,0.008251060780114105,0.007294257481892903,5.970765854683379e-05,logistic,0.05,"(50, 100, 50)",0.1,50000,74,False,sgd,"{'activation': 'logistic', 'alpha': 0.05, 'hidden_layer_sizes': (50, 100, 50), 'learning_rate_init': 0.1, 'max_iter': 50000, 'random_state': 74, 'shuffle': False, 'solver': 'sgd'}",0.47863247863247865,0.4827586206896552,0.5172413793103449,0.4928774928774929,0.01731002568173872,160
0.3244438171386719,0.12949688698139183,0.007370710372924805,7.698446945498531e-05,logistic,0.05,"(50, 100, 50)",0.1,50000,74,False,adam,"{'activation': 'logistic', 'alpha': 0.05, 'hidden_layer_sizes': (50, 100, 50), 'learning_rate_init': 0.1, 'max_iter': 50000, 'random_state': 74, 'shuffle': False, 'solver': 'adam'}",0.47863247863247865,0.4827586206896552,0.5172413793103449,0.4928774928774929,0.01731002568173872,160
0.10050614674886067,0.002633467697395861,0.0072934627532958984,7.634632974544244e-05,logistic,0.05,"(50, 100, 50)",1.0,50000,74,False,sgd,"{'activation': 'logistic', 'alpha': 0.05, 'hidden_layer_sizes': (50, 100, 50), 'learning_rate_init': 1.0, 'max_iter': 50000, 'random_state': 74, 'shuffle': False, 'solver': 'sgd'}",0.47863247863247865,0.4827586206896552,0.5172413793103449,0.4928774928774929,0.01731002568173872,160
0.10594113667805989,0.012442994553550772,0.007361173629760742,0.00014334701036159095,logistic,0.05,"(50, 100, 50)",1.0,50000,74,False,adam,"{'activation': 'logistic', 'alpha': 0.05, 'hidden_layer_sizes': (50, 100, 50), 'learning_rate_init': 1.0, 'max_iter': 50000, 'random_state': 74, 'shuffle': False, 'solver': 'adam'}",0.47863247863247865,0.5172413793103449,0.5172413793103449,0.504371745751056,0.018200410322318058,157
3.171149253845215,0.0535164729280861,0.006722211837768555,0.00012742709153905606,tanh,0.0001,"(20,)",0.001,50000,74,False,sgd,"{'activation': 'tanh', 'alpha': 0.0001, 'hidden_layer_sizes': (20,), 'learning_rate_init': 0.001, 'max_iter': 50000, 'random_state': 74, 'shuffle': False, 'solver': 'sgd'}",0.8717948717948718,0.8620689655172413,0.8793103448275862,0.8710580607132331,0.007058019460552946,121
0.8172767957051595,0.010166163237137897,0.006401459376017253,1.579131921680186e-05,tanh,0.0001,"(20,)",0.001,50000,74,False,adam,"{'activation': 'tanh', 'alpha': 0.0001, 'hidden_layer_sizes': (20,), 'learning_rate_init': 0.001, 'max_iter': 50000, 'random_state': 74, 'shuffle': False, 'solver': 'adam'}",0.9316239316239316,0.9137931034482759,0.9310344827586207,0.9254838392769428,0.008270100388466064,38
1.1151559352874756,0.013804144618786686,0.006429354349772136,3.1283651107105486e-05,tanh,0.0001,"(20,)",0.01,50000,74,False,sgd,"{'activation': 'tanh', 'alpha': 0.0001, 'hidden_layer_sizes': (20,), 'learning_rate_init': 0.01, 'max_iter': 50000, 'random_state': 74, 'shuffle': False, 'solver': 'sgd'}",0.9145299145299145,0.8793103448275862,0.896551724137931,0.8967973278318105,0.014379377904604126,98
0.20468759536743164,0.007948278102140416,0.006359418233235677,1.038573758844781e-05,tanh,0.0001,"(20,)",0.01,50000,74,False,adam,"{'activation': 'tanh', 'alpha': 0.0001, 'hidden_layer_sizes': (20,), 'learning_rate_init': 0.01, 'max_iter': 50000, 'random_state': 74, 'shuffle': False, 'solver': 'adam'}",0.9487179487179487,0.9224137931034483,0.9310344827586207,0.9340554081933391,0.01094902258984975,21
0.3221267859141032,0.01274788966473507,0.006354729334513347,5.1221475742092185e-06,tanh,0.0001,"(20,)",0.1,50000,74,False,sgd,"{'activation': 'tanh', 'alpha': 0.0001, 'hidden_layer_sizes': (20,), 'learning_rate_init': 0.1, 'max_iter': 50000, 'random_state': 74, 'shuffle': False, 'solver': 'sgd'}",0.9230769230769231,0.896551724137931,0.9137931034482759,0.9111405835543768,0.010990099818440381,75
0.09184892972310384,0.008885809697903951,0.00637205441792806,1.0220222117177748e-05,tanh,0.0001,"(20,)",0.1,50000,74,False,adam,"{'activation': 'tanh', 'alpha': 0.0001, 'hidden_layer_sizes': (20,), 'learning_rate_init': 0.1, 'max_iter': 50000, 'random_state': 74, 'shuffle': False, 'solver': 'adam'}",0.9316239316239316,0.9224137931034483,0.9482758620689655,0.9341045289321152,0.01070285553947537,19
0.0907752513885498,0.0016919518664920616,0.006347974141438802,1.0613123594889753e-05,tanh,0.0001,"(20,)",1.0,50000,74,False,sgd,"{'activation': 'tanh', 'alpha': 0.0001, 'hidden_layer_sizes': (20,), 'learning_rate_init': 1.0, 'max_iter': 50000, 'random_state': 74, 'shuffle': False, 'solver': 'sgd'}",0.9401709401709402,0.8879310344827587,0.9310344827586207,0.9197121524707731,0.022780083537128886,56
0.3171449502309163,0.050180057575671476,0.006368239720662435,1.081998979258061e-05,tanh,0.0001,"(20,)",1.0,50000,74,False,adam,"{'activation': 'tanh', 'alpha': 0.0001, 'hidden_layer_sizes': (20,), 'learning_rate_init': 1.0, 'max_iter': 50000, 'random_state': 74, 'shuffle': False, 'solver': 'adam'}",0.9145299145299145,0.8362068965517241,0.896551724137931,0.8824295117398565,0.03349827307554059,117
7.336021900177002,0.2681698012798519,0.008064905802408854,0.0008233631205932872,tanh,0.0001,"(100,)",0.001,50000,74,False,sgd,"{'activation': 'tanh', 'alpha': 0.0001, 'hidden_layer_sizes': (100,), 'learning_rate_init': 0.001, 'max_iter': 50000, 'random_state': 74, 'shuffle': False, 'solver': 'sgd'}",0.8974358974358975,0.8362068965517241,0.8793103448275862,0.8709843796050692,0.02568058812908364,122
1.2156936327616374,0.03759756721905139,0.007457653681437175,4.050512662175089e-05,tanh,0.0001,"(100,)",0.001,50000,74,False,adam,"{'activation': 'tanh', 'alpha': 0.0001, 'hidden_layer_sizes': (100,), 'learning_rate_init': 0.001, 'max_iter': 50000, 'random_state': 74, 'shuffle': False, 'solver': 'adam'}",0.9316239316239316,0.9224137931034483,0.9137931034482759,0.9226102760585518,0.007280730847983796,48
2.539872646331787,0.025254060443235856,0.007400035858154297,0.00011191003409100966,tanh,0.0001,"(100,)",0.01,50000,74,False,sgd,"{'activation': 'tanh', 'alpha': 0.0001, 'hidden_layer_sizes': (100,), 'learning_rate_init': 0.01, 'max_iter': 50000, 'random_state': 74, 'shuffle': False, 'solver': 'sgd'}",0.9230769230769231,0.8793103448275862,0.8879310344827587,0.8967727674624225,0.018929879810792808,103
0.2884383201599121,0.017642665519880793,0.007227897644042969,5.234360313439405e-06,tanh,0.0001,"(100,)",0.01,50000,74,False,adam,"{'activation': 'tanh', 'alpha': 0.0001, 'hidden_layer_sizes': (100,), 'learning_rate_init': 0.01, 'max_iter': 50000, 'random_state': 74, 'shuffle': False, 'solver': 'adam'}",0.9487179487179487,0.9224137931034483,0.9224137931034483,0.9311818449749484,0.012399897872266284,25
0.7181829611460367,0.028141207832727003,0.007138252258300781,1.2808204668582241e-05,tanh,0.0001,"(100,)",0.1,50000,74,False,sgd,"{'activation': 'tanh', 'alpha': 0.0001, 'hidden_layer_sizes': (100,), 'learning_rate_init': 0.1, 'max_iter': 50000, 'random_state': 74, 'shuffle': False, 'solver': 'sgd'}",0.9230769230769231,0.896551724137931,0.9224137931034483,0.9140141467727675,0.012350764849424404,65
0.3138515154520671,0.15263259509052354,0.007361412048339844,8.329877947650832e-06,tanh,0.0001,"(100,)",0.1,50000,74,False,adam,"{'activation': 'tanh', 'alpha': 0.0001, 'hidden_layer_sizes': (100,), 'learning_rate_init': 0.1, 'max_iter': 50000, 'random_state': 74, 'shuffle': False, 'solver': 'adam'}",0.9316239316239316,0.9137931034482759,0.9741379310344828,0.9398516553688968,0.025313318399870784,7
0.19156630833943686,0.0024395698164525617,0.0071531931559244795,1.3490269213421627e-05,tanh,0.0001,"(100,)",1.0,50000,74,False,sgd,"{'activation': 'tanh', 'alpha': 0.0001, 'hidden_layer_sizes': (100,), 'learning_rate_init': 1.0, 'max_iter': 50000, 'random_state': 74, 'shuffle': False, 'solver': 'sgd'}",0.9401709401709402,0.8879310344827587,0.9137931034482759,0.9139650260339915,0.021327198669135045,71
1.07766326268514,0.22423542190870022,0.007326523462931315,9.460869272624547e-05,tanh,0.0001,"(100,)",1.0,50000,74,False,adam,"{'activation': 'tanh', 'alpha': 0.0001, 'hidden_layer_sizes': (100,), 'learning_rate_init': 1.0, 'max_iter': 50000, 'random_state': 74, 'shuffle': False, 'solver': 'adam'}",0.8974358974358975,0.8189655172413793,0.9568965517241379,0.8910993221338049,0.0564880914192853,112
5.144033034642537,0.11523513851103102,0.007766882578531901,7.479971031696894e-05,tanh,0.0001,"(50, 50, 50)",0.001,50000,74,False,sgd,"{'activation': 'tanh', 'alpha': 0.0001, 'hidden_layer_sizes': (50, 50, 50), 'learning_rate_init': 0.001, 'max_iter': 50000, 'random_state': 74, 'shuffle': False, 'solver': 'sgd'}",0.9230769230769231,0.853448275862069,0.9051724137931034,0.8938992042440318,0.02952232001266854,110
0.6550188064575195,0.02368897981064071,0.0076181888580322266,3.243369096230204e-05,tanh,0.0001,"(50, 50, 50)",0.001,50000,74,False,adam,"{'activation': 'tanh', 'alpha': 0.0001, 'hidden_layer_sizes': (50, 50, 50), 'learning_rate_init': 0.001, 'max_iter': 50000, 'random_state': 74, 'shuffle': False, 'solver': 'adam'}",0.9572649572649573,0.9224137931034483,0.9310344827586207,0.9369044110423421,0.014820997591146088,16
1.1771779855092366,0.041289920098305996,0.0076029300689697266,2.7996338240301975e-05,tanh,0.0001,"(50, 50, 50)",0.01,50000,74,False,sgd,"{'activation': 'tanh', 'alpha': 0.0001, 'hidden_layer_sizes': (50, 50, 50), 'learning_rate_init': 0.01, 'max_iter': 50000, 'random_state': 74, 'shuffle': False, 'solver': 'sgd'}",0.9401709401709402,0.896551724137931,0.9051724137931034,0.9139650260339915,0.018861628143712682,71
0.27913324038187665,0.07398977234496881,0.0077057679494222,2.804187213398389e-05,tanh,0.0001,"(50, 50, 50)",0.01,50000,74,False,adam,"{'activation': 'tanh', 'alpha': 0.0001, 'hidden_layer_sizes': (50, 50, 50), 'learning_rate_init': 0.01, 'max_iter': 50000, 'random_state': 74, 'shuffle': False, 'solver': 'adam'}",0.9316239316239316,0.9310344827586207,0.9568965517241379,0.9398516553688968,0.012054963882481198,7
0.2682623863220215,0.005556517656438661,0.007875601450602213,1.0227635238643619e-05,tanh,0.0001,"(50, 50, 50)",0.1,50000,74,False,sgd,"{'activation': 'tanh', 'alpha': 0.0001, 'hidden_layer_sizes': (50, 50, 50), 'learning_rate_init': 0.1, 'max_iter': 50000, 'random_state': 74, 'shuffle': False, 'solver': 'sgd'}",0.9401709401709402,0.896551724137931,0.9396551724137931,0.9254592789075549,0.020441812479391763,42
0.5104255676269531,0.2332290145024486,0.007703701655069987,3.463193431244251e-05,tanh,0.0001,"(50, 50, 50)",0.1,50000,74,False,adam,"{'activation': 'tanh', 'alpha': 0.0001, 'hidden_layer_sizes': (50, 50, 50), 'learning_rate_init': 0.1, 'max_iter': 50000, 'random_state': 74, 'shuffle': False, 'solver': 'adam'}",0.9145299145299145,0.9396551724137931,0.9396551724137931,0.9312800864525003,0.011844160152500905,24
0.0820155143737793,0.001090218601709169,0.007495403289794922,8.755016772387914e-05,tanh,0.0001,"(50, 50, 50)",1.0,50000,74,False,sgd,"{'activation': 'tanh', 'alpha': 0.0001, 'hidden_layer_sizes': (50, 50, 50), 'learning_rate_init': 1.0, 'max_iter': 50000, 'random_state': 74, 'shuffle': False, 'solver': 'sgd'}",0.5213675213675214,0.5172413793103449,0.4827586206896552,0.5071225071225072,0.01731002568173872,155
0.0861060619354248,0.015550130616236498,0.0068416595458984375,3.492540590355096e-05,tanh,0.0001,"(50, 50, 50)",1.0,50000,74,False,adam,"{'activation': 'tanh', 'alpha': 0.0001, 'hidden_layer_sizes': (50, 50, 50), 'learning_rate_init': 1.0, 'max_iter': 50000, 'random_state': 74, 'shuffle': False, 'solver': 'adam'}",0.5213675213675214,0.6293103448275862,0.4827586206896552,0.5444788289615876,0.06202124026482493,151
6.26580007870992,0.12009759060521469,0.008193731307983398,6.818938086545511e-06,tanh,0.0001,"(50, 100, 50)",0.001,50000,74,False,sgd,"{'activation': 'tanh', 'alpha': 0.0001, 'hidden_layer_sizes': (50, 100, 50), 'learning_rate_init': 0.001, 'max_iter': 50000, 'random_state': 74, 'shuffle': False, 'solver': 'sgd'}",0.9230769230769231,0.8706896551724138,0.896551724137931,0.8967727674624227,0.02138758369924296,102
0.6467412312825521,0.007501579057219678,0.00814970334370931,0.00010184340768529009,tanh,0.0001,"(50, 100, 50)",0.001,50000,74,False,adam,"{'activation': 'tanh', 'alpha': 0.0001, 'hidden_layer_sizes': (50, 100, 50), 'learning_rate_init': 0.001, 'max_iter': 50000, 'random_state': 74, 'shuffle': False, 'solver': 'adam'}",0.9658119658119658,0.9137931034482759,0.9224137931034483,0.9340062874545634,0.02276371314707693,23
1.4541818300882976,0.0571392144348327,0.008215586344401041,3.1254565061564314e-05,tanh,0.0001,"(50, 100, 50)",0.01,50000,74,False,sgd,"{'activation': 'tanh', 'alpha': 0.0001, 'hidden_layer_sizes': (50, 100, 50), 'learning_rate_init': 0.01, 'max_iter': 50000, 'random_state': 74, 'shuffle': False, 'solver': 'sgd'}",0.9316239316239316,0.896551724137931,0.9051724137931034,0.9111160231849887,0.01492223852594396,77
0.34620992342631024,0.09630711067189356,0.008195638656616211,2.7744793713651255e-05,tanh,0.0001,"(50, 100, 50)",0.01,50000,74,False,adam,"{'activation': 'tanh', 'alpha': 0.0001, 'hidden_layer_sizes': (50, 100, 50), 'learning_rate_init': 0.01, 'max_iter': 50000, 'random_state': 74, 'shuffle': False, 'solver': 'adam'}",0.9487179487179487,0.9051724137931034,0.9568965517241379,0.93692897141173,0.022702152623662132,13
0.32585875193277997,0.0037549842956769238,0.008000453313191732,6.120638290630765e-05,tanh,0.0001,"(50, 100, 50)",0.1,50000,74,False,sgd,"{'activation': 'tanh', 'alpha': 0.0001, 'hidden_layer_sizes': (50, 100, 50), 'learning_rate_init': 0.1, 'max_iter': 50000, 'random_state': 74, 'shuffle': False, 'solver': 'sgd'}",0.9230769230769231,0.896551724137931,0.9224137931034483,0.9140141467727675,0.012350764849424404,65
0.7953783671061198,0.2787270332204043,0.008440891901652018,9.43917458603463e-05,tanh,0.0001,"(50, 100, 50)",0.1,50000,74,False,adam,"{'activation': 'tanh', 'alpha': 0.0001, 'hidden_layer_sizes': (50, 100, 50), 'learning_rate_init': 0.1, 'max_iter': 50000, 'random_state': 74, 'shuffle': False, 'solver': 'adam'}",0.9316239316239316,0.8879310344827587,0.9224137931034483,0.9139895864033796,0.018805899057501307,67
0.0978563626607259,0.003420103707519352,0.007725318272908528,2.3899274143460024e-05,tanh,0.0001,"(50, 100, 50)",1.0,50000,74,False,sgd,"{'activation': 'tanh', 'alpha': 0.0001, 'hidden_layer_sizes': (50, 100, 50), 'learning_rate_init': 1.0, 'max_iter': 50000, 'random_state': 74, 'shuffle': False, 'solver': 'sgd'}",0.5213675213675214,0.4827586206896552,0.4827586206896552,0.4956282542489439,0.018200410322318058,159
0.17433500289916992,0.11411766321589425,0.007398923238118489,7.208192755919684e-05,tanh,0.0001,"(50, 100, 50)",1.0,50000,74,False,adam,"{'activation': 'tanh', 'alpha': 0.0001, 'hidden_layer_sizes': (50, 100, 50), 'learning_rate_init': 1.0, 'max_iter': 50000, 'random_state': 74, 'shuffle': False, 'solver': 'adam'}",0.7350427350427351,0.7758620689655172,0.8706896551724138,0.7938648197268887,0.056821920719612576,137
3.1024367014567056,0.05561441727740682,0.0067110856374104815,1.0875883353268944e-05,tanh,0.05,"(20,)",0.001,50000,74,False,sgd,"{'activation': 'tanh', 'alpha': 0.05, 'hidden_layer_sizes': (20,), 'learning_rate_init': 0.001, 'max_iter': 50000, 'random_state': 74, 'shuffle': False, 'solver': 'sgd'}",0.8717948717948718,0.8620689655172413,0.8879310344827587,0.8739316239316239,0.010665706260869616,119
0.8237553437550863,0.005589747680814075,0.006564696629842122,0.0001108439288284268,tanh,0.05,"(20,)",0.001,50000,74,False,adam,"{'activation': 'tanh', 'alpha': 0.05, 'hidden_layer_sizes': (20,), 'learning_rate_init': 0.001, 'max_iter': 50000, 'random_state': 74, 'shuffle': False, 'solver': 'adam'}",0.905982905982906,0.8879310344827587,0.9137931034482759,0.9025690146379802,0.010830593808913462,91
1.0730281670888264,0.011196400411312884,0.006563425064086914,3.3589672120488036e-05,tanh,0.05,"(20,)",0.01,50000,74,False,sgd,"{'activation': 'tanh', 'alpha': 0.05, 'hidden_layer_sizes': (20,), 'learning_rate_init': 0.01, 'max_iter': 50000, 'random_state': 74, 'shuffle': False, 'solver': 'sgd'}",0.9145299145299145,0.8706896551724138,0.9051724137931034,0.8967973278318105,0.018852031433906798,98
0.26609500249226886,0.008122625839486418,0.006354331970214844,3.683907813036999e-05,tanh,0.05,"(20,)",0.01,50000,74,False,adam,"{'activation': 'tanh', 'alpha': 0.05, 'hidden_layer_sizes': (20,), 'learning_rate_init': 0.01, 'max_iter': 50000, 'random_state': 74, 'shuffle': False, 'solver': 'adam'}",0.9316239316239316,0.9224137931034483,0.9224137931034483,0.9254838392769428,0.004341700935667479,38
0.30804959932963055,0.010262499662524512,0.006425539652506511,1.3738005040352133e-05,tanh,0.05,"(20,)",0.1,50000,74,False,sgd,"{'activation': 'tanh', 'alpha': 0.05, 'hidden_layer_sizes': (20,), 'learning_rate_init': 0.1, 'max_iter': 50000, 'random_state': 74, 'shuffle': False, 'solver': 'sgd'}",0.9316239316239316,0.896551724137931,0.9137931034482759,0.9139895864033796,0.014318842798890412,67
0.10693271954854329,0.0031610459310049918,0.006337165832519531,2.1527318601392995e-05,tanh,0.05,"(20,)",0.1,50000,74,False,adam,"{'activation': 'tanh', 'alpha': 0.05, 'hidden_layer_sizes': (20,), 'learning_rate_init': 0.1, 'max_iter': 50000, 'random_state': 74, 'shuffle': False, 'solver': 'adam'}",0.9145299145299145,0.9482758620689655,0.9137931034482759,0.9255329600157186,0.016084473216846782,33
0.15365147590637207,0.001756396526772851,0.006315469741821289,5.731971397481588e-06,tanh,0.05,"(20,)",1.0,50000,74,False,sgd,"{'activation': 'tanh', 'alpha': 0.05, 'hidden_layer_sizes': (20,), 'learning_rate_init': 1.0, 'max_iter': 50000, 'random_state': 74, 'shuffle': False, 'solver': 'sgd'}",0.9230769230769231,0.9310344827586207,0.9224137931034483,0.9255083996463308,0.003916897689361015,35
0.11429087320963542,0.01950451958450056,0.0063521067301432295,3.3413966683443546e-05,tanh,0.05,"(20,)",1.0,50000,74,False,adam,"{'activation': 'tanh', 'alpha': 0.05, 'hidden_layer_sizes': (20,), 'learning_rate_init': 1.0, 'max_iter': 50000, 'random_state': 74, 'shuffle': False, 'solver': 'adam'}",0.8974358974358975,0.7931034482758621,0.9137931034482759,0.8681108163866784,0.05345695152997088,126
7.199905474980672,0.26915872242510375,0.008094390233357748,0.0008234604125293931,tanh,0.05,"(100,)",0.001,50000,74,False,sgd,"{'activation': 'tanh', 'alpha': 0.05, 'hidden_layer_sizes': (100,), 'learning_rate_init': 0.001, 'max_iter': 50000, 'random_state': 74, 'shuffle': False, 'solver': 'sgd'}",0.8974358974358975,0.8362068965517241,0.8793103448275862,0.8709843796050692,0.02568058812908364,122
1.4231276512145996,0.017891092995908933,0.00714564323425293,5.665472959080256e-06,tanh,0.05,"(100,)",0.001,50000,74,False,adam,"{'activation': 'tanh', 'alpha': 0.05, 'hidden_layer_sizes': (100,), 'learning_rate_init': 0.001, 'max_iter': 50000, 'random_state': 74, 'shuffle': False, 'solver': 'adam'}",0.9401709401709402,0.9051724137931034,0.9224137931034483,0.922585715689164,0.014288605721264825,50
2.5189334551493325,0.0181386916422878,0.007288138071695964,7.292759753987752e-05,tanh,0.05,"(100,)",0.01,50000,74,False,sgd,"{'activation': 'tanh', 'alpha': 0.05, 'hidden_layer_sizes': (100,), 'learning_rate_init': 0.01, 'max_iter': 50000, 'random_state': 74, 'shuffle': False, 'solver': 'sgd'}",0.9230769230769231,0.8793103448275862,0.8879310344827587,0.8967727674624225,0.018929879810792808,103
0.4351719220479329,0.01774166743234984,0.0072596073150634766,5.541270431970567e-05,tanh,0.05,"(100,)",0.01,50000,74,False,adam,"{'activation': 'tanh', 'alpha': 0.05, 'hidden_layer_sizes': (100,), 'learning_rate_init': 0.01, 'max_iter': 50000, 'random_state': 74, 'shuffle': False, 'solver': 'adam'}",0.9230769230769231,0.9396551724137931,0.9224137931034483,0.9283819628647215,0.007975958688182462,28
0.8939867814381918,0.022236515847675043,0.007416248321533203,5.1492157897645955e-05,tanh,0.05,"(100,)",0.1,50000,74,False,sgd,"{'activation': 'tanh', 'alpha': 0.05, 'hidden_layer_sizes': (100,), 'learning_rate_init': 0.1, 'max_iter': 50000, 'random_state': 74, 'shuffle': False, 'solver': 'sgd'}",0.9230769230769231,0.896551724137931,0.9137931034482759,0.9111405835543768,0.010990099818440381,75
0.1628568172454834,0.02979041062594432,0.007229725519816081,4.744083749928027e-05,tanh,0.05,"(100,)",0.1,50000,74,False,adam,"{'activation': 'tanh', 'alpha': 0.05, 'hidden_layer_sizes': (100,), 'learning_rate_init': 0.1, 'max_iter': 50000, 'random_state': 74, 'shuffle': False, 'solver': 'adam'}",0.9401709401709402,0.8362068965517241,0.9224137931034483,0.8995972099420375,0.04540615187237478,96
0.4129241307576497,0.0010983133626559693,0.0071303049723307295,6.703543959806446e-05,tanh,0.05,"(100,)",1.0,50000,74,False,sgd,"{'activation': 'tanh', 'alpha': 0.05, 'hidden_layer_sizes': (100,), 'learning_rate_init': 1.0, 'max_iter': 50000, 'random_state': 74, 'shuffle': False, 'solver': 'sgd'}",0.9230769230769231,0.9310344827586207,0.9224137931034483,0.9255083996463308,0.003916897689361015,35
0.2419430414835612,0.01845480999545344,0.007387240727742513,8.186159769381543e-05,tanh,0.05,"(100,)",1.0,50000,74,False,adam,"{'activation': 'tanh', 'alpha': 0.05, 'hidden_layer_sizes': (100,), 'learning_rate_init': 1.0, 'max_iter': 50000, 'random_state': 74, 'shuffle': False, 'solver': 'adam'}",0.8803418803418803,0.8189655172413793,0.8879310344827587,0.8624128106886729,0.030877708205812204,129
5.1460661093393965,0.11998092205804187,0.007795254389444987,9.02800492768005e-05,tanh,0.05,"(50, 50, 50)",0.001,50000,74,False,sgd,"{'activation': 'tanh', 'alpha': 0.05, 'hidden_layer_sizes': (50, 50, 50), 'learning_rate_init': 0.001, 'max_iter': 50000, 'random_state': 74, 'shuffle': False, 'solver': 'sgd'}",0.9230769230769231,0.8620689655172413,0.9051724137931034,0.8967727674624225,0.025604794671589323,103
1.2633879979451497,0.005883745834074293,0.007526238759358724,2.2271692904902147e-05,tanh,0.05,"(50, 50, 50)",0.001,50000,74,False,adam,"{'activation': 'tanh', 'alpha': 0.05, 'hidden_layer_sizes': (50, 50, 50), 'learning_rate_init': 0.001, 'max_iter': 50000, 'random_state': 74, 'shuffle': False, 'solver': 'adam'}",0.9230769230769231,0.9482758620689655,0.9310344827586207,0.9341290893015031,0.010517574936666937,18
1.2143189112345378,0.047222326569722216,0.007508118947347005,1.3717301057428625e-05,tanh,0.05,"(50, 50, 50)",0.01,50000,74,False,sgd,"{'activation': 'tanh', 'alpha': 0.05, 'hidden_layer_sizes': (50, 50, 50), 'learning_rate_init': 0.01, 'max_iter': 50000, 'random_state': 74, 'shuffle': False, 'solver': 'sgd'}",0.9401709401709402,0.896551724137931,0.9051724137931034,0.9139650260339915,0.018861628143712682,71
0.5958775679270426,0.023883820902034197,0.007364352544148763,7.682193739315398e-06,tanh,0.05,"(50, 50, 50)",0.01,50000,74,False,adam,"{'activation': 'tanh', 'alpha': 0.05, 'hidden_layer_sizes': (50, 50, 50), 'learning_rate_init': 0.01, 'max_iter': 50000, 'random_state': 74, 'shuffle': False, 'solver': 'adam'}",0.9145299145299145,0.9137931034482759,0.9396551724137931,0.9226593967973278,0.01202159208109679,43
0.7311182816823324,0.013200070069038191,0.007460435231526692,8.586011782372479e-06,tanh,0.05,"(50, 50, 50)",0.1,50000,74,False,sgd,"{'activation': 'tanh', 'alpha': 0.05, 'hidden_layer_sizes': (50, 50, 50), 'learning_rate_init': 0.1, 'max_iter': 50000, 'random_state': 74, 'shuffle': False, 'solver': 'sgd'}",0.9316239316239316,0.896551724137931,0.9310344827586207,0.9197367128401611,0.016396028753595714,53
0.1952033837636312,0.07557599737392802,0.007688124974568685,8.881069847551342e-06,tanh,0.05,"(50, 50, 50)",0.1,50000,74,False,adam,"{'activation': 'tanh', 'alpha': 0.05, 'hidden_layer_sizes': (50, 50, 50), 'learning_rate_init': 0.1, 'max_iter': 50000, 'random_state': 74, 'shuffle': False, 'solver': 'adam'}",0.5213675213675214,0.8362068965517241,0.8793103448275862,0.745628254248944,0.15954964545599806,142
0.08217708269755046,0.0010605537564708203,0.007490793863932292,6.599712610617212e-05,tanh,0.05,"(50, 50, 50)",1.0,50000,74,False,sgd,"{'activation': 'tanh', 'alpha': 0.05, 'hidden_layer_sizes': (50, 50, 50), 'learning_rate_init': 1.0, 'max_iter': 50000, 'random_state': 74, 'shuffle': False, 'solver': 'sgd'}",0.5213675213675214,0.4827586206896552,0.5172413793103449,0.5071225071225071,0.01731002568173872,156
0.0832372506459554,0.0006712510235675676,0.007250547409057617,8.939414462223131e-05,tanh,0.05,"(50, 50, 50)",1.0,50000,74,False,adam,"{'activation': 'tanh', 'alpha': 0.05, 'hidden_layer_sizes': (50, 50, 50), 'learning_rate_init': 1.0, 'max_iter': 50000, 'random_state': 74, 'shuffle': False, 'solver': 'adam'}",0.47863247863247865,0.5172413793103449,0.4827586206896552,0.4928774928774929,0.01731002568173872,160
6.2769679228464765,0.12811213499843344,0.008181333541870117,6.832706554982979e-05,tanh,0.05,"(50, 100, 50)",0.001,50000,74,False,sgd,"{'activation': 'tanh', 'alpha': 0.05, 'hidden_layer_sizes': (50, 100, 50), 'learning_rate_init': 0.001, 'max_iter': 50000, 'random_state': 74, 'shuffle': False, 'solver': 'sgd'}",0.9230769230769231,0.8706896551724138,0.8879310344827587,0.893899204244032,0.021799399798300867,108
1.6733147303263347,0.017770528148076673,0.00788720448811849,3.5245294892260187e-05,tanh,0.05,"(50, 100, 50)",0.001,50000,74,False,adam,"{'activation': 'tanh', 'alpha': 0.05, 'hidden_layer_sizes': (50, 100, 50), 'learning_rate_init': 0.001, 'max_iter': 50000, 'random_state': 74, 'shuffle': False, 'solver': 'adam'}",0.9230769230769231,0.9137931034482759,0.9310344827586207,0.9226348364279399,0.007045701790676021,44
1.498261292775472,0.04951740699808502,0.008109966913859049,0.00014351522262911158,tanh,0.05,"(50, 100, 50)",0.01,50000,74,False,sgd,"{'activation': 'tanh', 'alpha': 0.05, 'hidden_layer_sizes': (50, 100, 50), 'learning_rate_init': 0.01, 'max_iter': 50000, 'random_state': 74, 'shuffle': False, 'solver': 'sgd'}",0.9316239316239316,0.896551724137931,0.9051724137931034,0.9111160231849887,0.01492223852594396,77
0.661348025004069,0.04720087915940427,0.00802000363667806,9.489944657400033e-05,tanh,0.05,"(50, 100, 50)",0.01,50000,74,False,adam,"{'activation': 'tanh', 'alpha': 0.05, 'hidden_layer_sizes': (50, 100, 50), 'learning_rate_init': 0.01, 'max_iter': 50000, 'random_state': 74, 'shuffle': False, 'solver': 'adam'}",0.9145299145299145,0.9137931034482759,0.9310344827586207,0.9197858335789371,0.007959681899766447,51
1.215100924173991,0.021397004897471927,0.008067448933919271,0.00012068382242387496,tanh,0.05,"(50, 100, 50)",0.1,50000,74,False,sgd,"{'activation': 'tanh', 'alpha': 0.05, 'hidden_layer_sizes': (50, 100, 50), 'learning_rate_init': 0.1, 'max_iter': 50000, 'random_state': 74, 'shuffle': False, 'solver': 'sgd'}",0.9316239316239316,0.9137931034482759,0.9224137931034483,0.9226102760585521,0.007280730847983797,46
0.44751763343811035,0.12693935793218128,0.00829776128133138,7.931670105648935e-05,tanh,0.05,"(50, 100, 50)",0.1,50000,74,False,adam,"{'activation': 'tanh', 'alpha': 0.05, 'hidden_layer_sizes': (50, 100, 50), 'learning_rate_init': 0.1, 'max_iter': 50000, 'random_state': 74, 'shuffle': False, 'solver': 'adam'}",0.9230769230769231,0.8362068965517241,0.8706896551724138,0.8766578249336869,0.03571474639274118,118
0.09771084785461426,0.002893723025228576,0.0077105363210042315,7.747817203338663e-05,tanh,0.05,"(50, 100, 50)",1.0,50000,74,False,sgd,"{'activation': 'tanh', 'alpha': 0.05, 'hidden_layer_sizes': (50, 100, 50), 'learning_rate_init': 1.0, 'max_iter': 50000, 'random_state': 74, 'shuffle': False, 'solver': 'sgd'}",0.47863247863247865,0.4827586206896552,0.5172413793103449,0.4928774928774929,0.01731002568173872,160
0.09814739227294922,0.0023921735549957673,0.007487297058105469,3.7258958324390304e-05,tanh,0.05,"(50, 100, 50)",1.0,50000,74,False,adam,"{'activation': 'tanh', 'alpha': 0.05, 'hidden_layer_sizes': (50, 100, 50), 'learning_rate_init': 1.0, 'max_iter': 50000, 'random_state': 74, 'shuffle': False, 'solver': 'adam'}",0.49572649572649574,0.4827586206896552,0.4827586206896552,0.4870812457019354,0.006113114917419802,191
3.2272759278615317,0.045509965767732204,0.006642341613769531,2.710082779721338e-05,relu,0.0001,"(20,)",0.001,50000,74,False,sgd,"{'activation': 'relu', 'alpha': 0.0001, 'hidden_layer_sizes': (20,), 'learning_rate_init': 0.001, 'max_iter': 50000, 'random_state': 74, 'shuffle': False, 'solver': 'sgd'}",0.8717948717948718,0.853448275862069,0.8706896551724138,0.8653109342764514,0.008400292631326625,128
0.6860583623250326,0.009406483388601191,0.00636140505472819,2.7641021634025966e-05,relu,0.0001,"(20,)",0.001,50000,74,False,adam,"{'activation': 'relu', 'alpha': 0.0001, 'hidden_layer_sizes': (20,), 'learning_rate_init': 0.001, 'max_iter': 50000, 'random_state': 74, 'shuffle': False, 'solver': 'adam'}",0.9316239316239316,0.9224137931034483,0.9310344827586207,0.9283574024953335,0.0042096501789486785,31
1.0630420049031575,0.012740703852741836,0.006455024083455403,1.6022406543533555e-05,relu,0.0001,"(20,)",0.01,50000,74,False,sgd,"{'activation': 'relu', 'alpha': 0.0001, 'hidden_layer_sizes': (20,), 'learning_rate_init': 0.01, 'max_iter': 50000, 'random_state': 74, 'shuffle': False, 'solver': 'sgd'}",0.9230769230769231,0.8706896551724138,0.8879310344827587,0.893899204244032,0.021799399798300867,108
0.16851385434468588,0.006964833578788619,0.0062274932861328125,1.908639629874198e-05,relu,0.0001,"(20,)",0.01,50000,74,False,adam,"{'activation': 'relu', 'alpha': 0.0001, 'hidden_layer_sizes': (20,), 'learning_rate_init': 0.01, 'max_iter': 50000, 'random_state': 74, 'shuffle': False, 'solver': 'adam'}",0.9487179487179487,0.9310344827586207,0.9482758620689655,0.9426760978485117,0.008233843232949603,6
0.2988015015920003,0.010137987076048774,0.006262063980102539,2.0008229587606795e-05,relu,0.0001,"(20,)",0.1,50000,74,False,sgd,"{'activation': 'relu', 'alpha': 0.0001, 'hidden_layer_sizes': (20,), 'learning_rate_init': 0.1, 'max_iter': 50000, 'random_state': 74, 'shuffle': False, 'solver': 'sgd'}",0.9316239316239316,0.9051724137931034,0.9051724137931034,0.9139895864033795,0.012469365087237007,69
0.0846559206644694,0.007617025258529837,0.006211439768473308,7.90585207331714e-06,relu,0.0001,"(20,)",0.1,50000,74,False,adam,"{'activation': 'relu', 'alpha': 0.0001, 'hidden_layer_sizes': (20,), 'learning_rate_init': 0.1, 'max_iter': 50000, 'random_state': 74, 'shuffle': False, 'solver': 'adam'}",0.9487179487179487,0.9224137931034483,0.9310344827586207,0.9340554081933391,0.01094902258984975,21
0.08249537150065105,0.00189369860873482,0.0062495072682698565,9.892376030893463e-06,relu,0.0001,"(20,)",1.0,50000,74,False,sgd,"{'activation': 'relu', 'alpha': 0.0001, 'hidden_layer_sizes': (20,), 'learning_rate_init': 1.0, 'max_iter': 50000, 'random_state': 74, 'shuffle': False, 'solver': 'sgd'}",0.9401709401709402,0.8879310344827587,0.9224137931034483,0.9168385892523824,0.021688155139971823,61
0.4136799971262614,0.07964513851384017,0.006364583969116211,6.156833788687042e-05,relu,0.0001,"(20,)",1.0,50000,74,False,adam,"{'activation': 'relu', 'alpha': 0.0001, 'hidden_layer_sizes': (20,), 'learning_rate_init': 1.0, 'max_iter': 50000, 'random_state': 74, 'shuffle': False, 'solver': 'adam'}",0.9316239316239316,0.8620689655172413,0.8879310344827587,0.893874643874644,0.028705030882851524,111
7.3551420370737715,0.2477999110151014,0.007703542709350586,0.0008325369904428694,relu,0.0001,"(100,)",0.001,50000,74,False,sgd,"{'activation': 'relu', 'alpha': 0.0001, 'hidden_layer_sizes': (100,), 'learning_rate_init': 0.001, 'max_iter': 50000, 'random_state': 74, 'shuffle': False, 'solver': 'sgd'}",0.905982905982906,0.8275862068965517,0.8793103448275862,0.8709598192356812,0.032545445817143026,124
0.9392329851786295,0.011511152699420081,0.006659507751464844,1.4867585820952756e-05,relu,0.0001,"(100,)",0.001,50000,74,False,adam,"{'activation': 'relu', 'alpha': 0.0001, 'hidden_layer_sizes': (100,), 'learning_rate_init': 0.001, 'max_iter': 50000, 'random_state': 74, 'shuffle': False, 'solver': 'adam'}",0.9572649572649573,0.9310344827586207,0.9224137931034483,0.9369044110423421,0.014820997591146088,16
2.2952577273050943,0.024951635056035017,0.006793816884358724,3.560313155965782e-05,relu,0.0001,"(100,)",0.01,50000,74,False,sgd,"{'activation': 'relu', 'alpha': 0.0001, 'hidden_layer_sizes': (100,), 'learning_rate_init': 0.01, 'max_iter': 50000, 'random_state': 74, 'shuffle': False, 'solver': 'sgd'}",0.9230769230769231,0.8620689655172413,0.9051724137931034,0.8967727674624225,0.025604794671589323,103
0.22489690780639648,0.008560824924680344,0.006605943044026692,9.73793892621461e-06,relu,0.0001,"(100,)",0.01,50000,74,False,adam,"{'activation': 'relu', 'alpha': 0.0001, 'hidden_layer_sizes': (100,), 'learning_rate_init': 0.01, 'max_iter': 50000, 'random_state': 74, 'shuffle': False, 'solver': 'adam'}",0.9572649572649573,0.9396551724137931,0.9396551724137931,0.9455251006975146,0.008301332188996207,4
0.6299304962158203,0.018755608597712706,0.006888071695963542,7.02733341234242e-05,relu,0.0001,"(100,)",0.1,50000,74,False,sgd,"{'activation': 'relu', 'alpha': 0.0001, 'hidden_layer_sizes': (100,), 'learning_rate_init': 0.1, 'max_iter': 50000, 'random_state': 74, 'shuffle': False, 'solver': 'sgd'}",0.9316239316239316,0.8879310344827587,0.9137931034482759,0.9111160231849887,0.017937714165027485,77
0.17546717325846353,0.009328456823739215,0.0067479610443115234,8.625438100730217e-05,relu,0.0001,"(100,)",0.1,50000,74,False,adam,"{'activation': 'relu', 'alpha': 0.0001, 'hidden_layer_sizes': (100,), 'learning_rate_init': 0.1, 'max_iter': 50000, 'random_state': 74, 'shuffle': False, 'solver': 'adam'}",0.9487179487179487,0.9396551724137931,0.9224137931034483,0.93692897141173,0.01091027893244716,13
0.1716611385345459,0.008875046105802397,0.006860097249348958,0.00013915073646567975,relu,0.0001,"(100,)",1.0,50000,74,False,sgd,"{'activation': 'relu', 'alpha': 0.0001, 'hidden_layer_sizes': (100,), 'learning_rate_init': 1.0, 'max_iter': 50000, 'random_state': 74, 'shuffle': False, 'solver': 'sgd'}",0.9487179487179487,0.8879310344827587,0.9137931034482759,0.9168140288829943,0.024907920138257003,62
0.6819260120391846,0.5572553186730942,0.0068861643473307295,0.00018219717707563764,relu,0.0001,"(100,)",1.0,50000,74,False,adam,"{'activation': 'relu', 'alpha': 0.0001, 'hidden_layer_sizes': (100,), 'learning_rate_init': 1.0, 'max_iter': 50000, 'random_state': 74, 'shuffle': False, 'solver': 'adam'}",0.9487179487179487,0.853448275862069,0.8706896551724138,0.8909519599174772,0.04144875057789598,114
3.9572835763295493,2.507196846834845,0.006930748621622722,0.00017628839489286329,relu,0.0001,"(50, 50, 50)",0.001,50000,74,False,sgd,"{'activation': 'relu', 'alpha': 0.0001, 'hidden_layer_sizes': (50, 50, 50), 'learning_rate_init': 0.001, 'max_iter': 50000, 'random_state': 74, 'shuffle': False, 'solver': 'sgd'}",0.8974358974358975,0.8879310344827587,0.5172413793103449,0.7675361037430003,0.17702762950841636,140
0.5207242965698242,0.023392919195259352,0.006941874821980794,0.00018352701061725039,relu,0.0001,"(50, 50, 50)",0.001,50000,74,False,adam,"{'activation': 'relu', 'alpha': 0.0001, 'hidden_layer_sizes': (50, 50, 50), 'learning_rate_init': 0.001, 'max_iter': 50000, 'random_state': 74, 'shuffle': False, 'solver': 'adam'}",0.9572649572649573,0.9224137931034483,0.9396551724137931,0.9397779742607328,0.014228193164121286,12
1.1310174465179443,0.0290399281393693,0.0067555904388427734,1.663585461065909e-05,relu,0.0001,"(50, 50, 50)",0.01,50000,74,False,sgd,"{'activation': 'relu', 'alpha': 0.0001, 'hidden_layer_sizes': (50, 50, 50), 'learning_rate_init': 0.01, 'max_iter': 50000, 'random_state': 74, 'shuffle': False, 'solver': 'sgd'}",0.9145299145299145,0.8793103448275862,0.9137931034482759,0.9025444542685922,0.016431749831347642,93
0.3510884443918864,0.15455138237941848,0.006669759750366211,1.2626434259056653e-05,relu,0.0001,"(50, 50, 50)",0.01,50000,74,False,adam,"{'activation': 'relu', 'alpha': 0.0001, 'hidden_layer_sizes': (50, 50, 50), 'learning_rate_init': 0.01, 'max_iter': 50000, 'random_state': 74, 'shuffle': False, 'solver': 'adam'}",0.9316239316239316,0.9137931034482759,0.9741379310344828,0.9398516553688968,0.025313318399870784,7
0.24516010284423828,0.0037833848003111822,0.0067052046457926435,1.3795810893776532e-05,relu,0.0001,"(50, 50, 50)",0.1,50000,74,False,sgd,"{'activation': 'relu', 'alpha': 0.0001, 'hidden_layer_sizes': (50, 50, 50), 'learning_rate_init': 0.1, 'max_iter': 50000, 'random_state': 74, 'shuffle': False, 'solver': 'sgd'}",0.9145299145299145,0.896551724137931,0.9310344827586207,0.9140387071421553,0.014081811532292942,64
0.3012460072835286,0.1314734118007328,0.006640831629435222,2.3397706107928892e-05,relu,0.0001,"(50, 50, 50)",0.1,50000,74,False,adam,"{'activation': 'relu', 'alpha': 0.0001, 'hidden_layer_sizes': (50, 50, 50), 'learning_rate_init': 0.1, 'max_iter': 50000, 'random_state': 74, 'shuffle': False, 'solver': 'adam'}",0.905982905982906,0.853448275862069,0.8620689655172413,0.8738333824540719,0.023003955745059475,120
0.11002858479817708,0.008552779018392832,0.006595929463704427,1.1556676450484497e-05,relu,0.0001,"(50, 50, 50)",1.0,50000,74,False,sgd,"{'activation': 'relu', 'alpha': 0.0001, 'hidden_layer_sizes': (50, 50, 50), 'learning_rate_init': 1.0, 'max_iter': 50000, 'random_state': 74, 'shuffle': False, 'solver': 'sgd'}",0.47863247863247865,0.5172413793103449,0.5344827586206896,0.5101188721878377,0.023350389353970286,154
0.09652487436930339,0.012881832873517069,0.006591637929280599,1.596435487046524e-05,relu,0.0001,"(50, 50, 50)",1.0,50000,74,False,adam,"{'activation': 'relu', 'alpha': 0.0001, 'hidden_layer_sizes': (50, 50, 50), 'learning_rate_init': 1.0, 'max_iter': 50000, 'random_state': 74, 'shuffle': False, 'solver': 'adam'}",0.48717948717948717,0.49137931034482757,0.9137931034482759,0.6307839669908636,0.200125024451271,144
4.818140745162964,3.1363734954197864,0.0071116288503011065,0.00016577177491690847,relu,0.0001,"(50, 100, 50)",0.001,50000,74,False,sgd,"{'activation': 'relu', 'alpha': 0.0001, 'hidden_layer_sizes': (50, 100, 50), 'learning_rate_init': 0.001, 'max_iter': 50000, 'random_state': 74, 'shuffle': False, 'solver': 'sgd'}",0.9145299145299145,0.5862068965517241,0.9310344827586207,0.8105904312800863,0.15880612537724448,136
0.5166582266489664,0.01085656523416207,0.006902774175008138,6.0118158606748594e-05,relu,0.0001,"(50, 100, 50)",0.001,50000,74,False,adam,"{'activation': 'relu', 'alpha': 0.0001, 'hidden_layer_sizes': (50, 100, 50), 'learning_rate_init': 0.001, 'max_iter': 50000, 'random_state': 74, 'shuffle': False, 'solver': 'adam'}",0.9572649572649573,0.9310344827586207,0.9568965517241379,0.9483986639159053,0.012279251364473201,2
1.344351847966512,0.03276980637796993,0.006961504618326823,1.9699332593448624e-05,relu,0.0001,"(50, 100, 50)",0.01,50000,74,False,sgd,"{'activation': 'relu', 'alpha': 0.0001, 'hidden_layer_sizes': (50, 100, 50), 'learning_rate_init': 0.01, 'max_iter': 50000, 'random_state': 74, 'shuffle': False, 'solver': 'sgd'}",0.9145299145299145,0.896551724137931,0.9396551724137931,0.9169122703605462,0.017677358924064204,58
0.40365052223205566,0.1779306547769495,0.006809790929158528,2.813226981357176e-05,relu,0.0001,"(50, 100, 50)",0.01,50000,74,False,adam,"{'activation': 'relu', 'alpha': 0.0001, 'hidden_layer_sizes': (50, 100, 50), 'learning_rate_init': 0.01, 'max_iter': 50000, 'random_state': 74, 'shuffle': False, 'solver': 'adam'}",0.9401709401709402,0.9224137931034483,0.9568965517241379,0.9398270949995088,0.014079626714976584,10
0.2916887601216634,0.005302857757639545,0.006880044937133789,5.764932976825121e-06,relu,0.0001,"(50, 100, 50)",0.1,50000,74,False,sgd,"{'activation': 'relu', 'alpha': 0.0001, 'hidden_layer_sizes': (50, 100, 50), 'learning_rate_init': 0.1, 'max_iter': 50000, 'random_state': 74, 'shuffle': False, 'solver': 'sgd'}",0.9316239316239316,0.8879310344827587,0.9396551724137931,0.9197367128401611,0.022727752330386587,53
0.16656184196472168,0.01158103817866056,0.006764332453409831,2.7654042988532347e-05,relu,0.0001,"(50, 100, 50)",0.1,50000,74,False,adam,"{'activation': 'relu', 'alpha': 0.0001, 'hidden_layer_sizes': (50, 100, 50), 'learning_rate_init': 0.1, 'max_iter': 50000, 'random_state': 74, 'shuffle': False, 'solver': 'adam'}",0.9401709401709402,0.8620689655172413,0.9137931034482759,0.9053443363788191,0.032439850595085536,90
0.19736886024475098,0.08344394462570096,0.0067284901936848955,2.6892610550681603e-05,relu,0.0001,"(50, 100, 50)",1.0,50000,74,False,sgd,"{'activation': 'relu', 'alpha': 0.0001, 'hidden_layer_sizes': (50, 100, 50), 'learning_rate_init': 1.0, 'max_iter': 50000, 'random_state': 74, 'shuffle': False, 'solver': 'sgd'}",0.47863247863247865,0.9051724137931034,0.4827586206896552,0.6221878377050791,0.20010740281135384,146
0.14226269721984863,0.05484831787701487,0.006716569264729817,3.6539716119224525e-05,relu,0.0001,"(50, 100, 50)",1.0,50000,74,False,adam,"{'activation': 'relu', 'alpha': 0.0001, 'hidden_layer_sizes': (50, 100, 50), 'learning_rate_init': 1.0, 'max_iter': 50000, 'random_state': 74, 'shuffle': False, 'solver': 'adam'}",0.5555555555555556,0.5775862068965517,0.6293103448275862,0.5874840357598979,0.03091296920168487,148
3.1785267194112143,0.04166567833191211,0.00645144780476888,8.373264420396662e-05,relu,0.05,"(20,)",0.001,50000,74,False,sgd,"{'activation': 'relu', 'alpha': 0.05, 'hidden_layer_sizes': (20,), 'learning_rate_init': 0.001, 'max_iter': 50000, 'random_state': 74, 'shuffle': False, 'solver': 'sgd'}",0.8717948717948718,0.853448275862069,0.8793103448275862,0.8681844974948424,0.010862404728666286,125
0.7016874949137369,0.014102699950502125,0.006238301595052083,8.038945907848226e-06,relu,0.05,"(20,)",0.001,50000,74,False,adam,"{'activation': 'relu', 'alpha': 0.05, 'hidden_layer_sizes': (20,), 'learning_rate_init': 0.001, 'max_iter': 50000, 'random_state': 74, 'shuffle': False, 'solver': 'adam'}",0.9145299145299145,0.896551724137931,0.9137931034482759,0.9082915807053737,0.00830678023506915,82
1.0371843179066975,0.01979688099810877,0.00644993782043457,0.0001360655199958462,relu,0.05,"(20,)",0.01,50000,74,False,sgd,"{'activation': 'relu', 'alpha': 0.05, 'hidden_layer_sizes': (20,), 'learning_rate_init': 0.01, 'max_iter': 50000, 'random_state': 74, 'shuffle': False, 'solver': 'sgd'}",0.9145299145299145,0.8706896551724138,0.8879310344827587,0.891050201395029,0.018033098953557283,113
0.23294528325398764,0.005484494435587601,0.006352583567301433,8.732899335222125e-05,relu,0.05,"(20,)",0.01,50000,74,False,adam,"{'activation': 'relu', 'alpha': 0.05, 'hidden_layer_sizes': (20,), 'learning_rate_init': 0.01, 'max_iter': 50000, 'random_state': 74, 'shuffle': False, 'solver': 'adam'}",0.9230769230769231,0.9396551724137931,0.9224137931034483,0.9283819628647215,0.007975958688182462,28
0.288485844930013,0.009159872379183457,0.006311893463134766,6.521027812969287e-05,relu,0.05,"(20,)",0.1,50000,74,False,sgd,"{'activation': 'relu', 'alpha': 0.05, 'hidden_layer_sizes': (20,), 'learning_rate_init': 0.1, 'max_iter': 50000, 'random_state': 74, 'shuffle': False, 'solver': 'sgd'}",0.9316239316239316,0.9051724137931034,0.9051724137931034,0.9139895864033795,0.012469365087237007,69
0.1014867623647054,0.00934204065256969,0.006208181381225586,2.9549159198098766e-05,relu,0.05,"(20,)",0.1,50000,74,False,adam,"{'activation': 'relu', 'alpha': 0.05, 'hidden_layer_sizes': (20,), 'learning_rate_init': 0.1, 'max_iter': 50000, 'random_state': 74, 'shuffle': False, 'solver': 'adam'}",0.9487179487179487,0.9137931034482759,0.7241379310344828,0.8622163277335692,0.0986717417518658,130
0.11060198148091634,0.02347671182407581,0.006200075149536133,2.342090929077685e-05,relu,0.05,"(20,)",1.0,50000,74,False,sgd,"{'activation': 'relu', 'alpha': 0.05, 'hidden_layer_sizes': (20,), 'learning_rate_init': 1.0, 'max_iter': 50000, 'random_state': 74, 'shuffle': False, 'solver': 'sgd'}",0.9316239316239316,0.9224137931034483,0.9224137931034483,0.9254838392769428,0.004341700935667479,38
0.09963226318359375,0.009381489175909632,0.006237586339314778,7.810536693475535e-05,relu,0.05,"(20,)",1.0,50000,74,False,adam,"{'activation': 'relu', 'alpha': 0.05, 'hidden_layer_sizes': (20,), 'learning_rate_init': 1.0, 'max_iter': 50000, 'random_state': 74, 'shuffle': False, 'solver': 'adam'}",0.8376068376068376,0.8362068965517241,0.7844827586206896,0.8194321642597505,0.024719569503157627,134
7.251739343007405,0.240547759451824,0.0070607662200927734,6.627293185993634e-06,relu,0.05,"(100,)",0.001,50000,74,False,sgd,"{'activation': 'relu', 'alpha': 0.05, 'hidden_layer_sizes': (100,), 'learning_rate_init': 0.001, 'max_iter': 50000, 'random_state': 74, 'shuffle': False, 'solver': 'sgd'}",0.8974358974358975,0.8275862068965517,0.8793103448275862,0.8681108163866784,0.029595234921460108,126
1.142329454421997,0.009768849412688208,0.007079680760701497,0.00021439759701737687,relu,0.05,"(100,)",0.001,50000,74,False,adam,"{'activation': 'relu', 'alpha': 0.05, 'hidden_layer_sizes': (100,), 'learning_rate_init': 0.001, 'max_iter': 50000, 'random_state': 74, 'shuffle': False, 'solver': 'adam'}",0.9316239316239316,0.9137931034482759,0.9224137931034483,0.9226102760585521,0.007280730847983797,46
2.284175078074137,0.02596151615648957,0.0071188608805338545,0.00018754288256115373,relu,0.05,"(100,)",0.01,50000,74,False,sgd,"{'activation': 'relu', 'alpha': 0.05, 'hidden_layer_sizes': (100,), 'learning_rate_init': 0.01, 'max_iter': 50000, 'random_state': 74, 'shuffle': False, 'solver': 'sgd'}",0.9230769230769231,0.8706896551724138,0.9051724137931034,0.8996463306808135,0.021741046518013805,95
0.36089126269022626,0.004124517679349043,0.006866057713826497,0.00018566162981399948,relu,0.05,"(100,)",0.01,50000,74,False,adam,"{'activation': 'relu', 'alpha': 0.05, 'hidden_layer_sizes': (100,), 'learning_rate_init': 0.01, 'max_iter': 50000, 'random_state': 74, 'shuffle': False, 'solver': 'adam'}",0.9145299145299145,0.9396551724137931,0.9224137931034483,0.9255329600157186,0.010491791953802211,33
0.7754418849945068,0.01875854949355658,0.006786823272705078,7.375218401107382e-05,relu,0.05,"(100,)",0.1,50000,74,False,sgd,"{'activation': 'relu', 'alpha': 0.05, 'hidden_layer_sizes': (100,), 'learning_rate_init': 0.1, 'max_iter': 50000, 'random_state': 74, 'shuffle': False, 'solver': 'sgd'}",0.9316239316239316,0.9137931034482759,0.9051724137931034,0.9168631496217703,0.011014825963799778,60
0.1918165683746338,0.05885996216811174,0.00717616081237793,0.0007856652262129785,relu,0.05,"(100,)",0.1,50000,74,False,adam,"{'activation': 'relu', 'alpha': 0.05, 'hidden_layer_sizes': (100,), 'learning_rate_init': 0.1, 'max_iter': 50000, 'random_state': 74, 'shuffle': False, 'solver': 'adam'}",0.905982905982906,0.8620689655172413,0.9224137931034483,0.8968218882011986,0.02547309350667656,97
0.3630068302154541,0.0011174325179124792,0.006660858790079753,2.548614194787089e-05,relu,0.05,"(100,)",1.0,50000,74,False,sgd,"{'activation': 'relu', 'alpha': 0.05, 'hidden_layer_sizes': (100,), 'learning_rate_init': 1.0, 'max_iter': 50000, 'random_state': 74, 'shuffle': False, 'solver': 'sgd'}",0.9230769230769231,0.9396551724137931,0.9224137931034483,0.9283819628647215,0.007975958688182462,28
0.2591395378112793,0.054220767345566995,0.00663002332051595,2.8890543414937505e-05,relu,0.05,"(100,)",1.0,50000,74,False,adam,"{'activation': 'relu', 'alpha': 0.05, 'hidden_layer_sizes': (100,), 'learning_rate_init': 1.0, 'max_iter': 50000, 'random_state': 74, 'shuffle': False, 'solver': 'adam'}",0.8632478632478633,0.7844827586206896,0.8793103448275862,0.8423469888987131,0.041438329180247487,132
3.9696907997131348,2.519605518428785,0.006953636805216472,0.0001105193488791953,relu,0.05,"(50, 50, 50)",0.001,50000,74,False,sgd,"{'activation': 'relu', 'alpha': 0.05, 'hidden_layer_sizes': (50, 50, 50), 'learning_rate_init': 0.001, 'max_iter': 50000, 'random_state': 74, 'shuffle': False, 'solver': 'sgd'}",0.8974358974358975,0.8879310344827587,0.5172413793103449,0.7675361037430003,0.17702762950841636,140
0.8596789042154948,0.010439608308568701,0.006685972213745117,8.55875102484554e-06,relu,0.05,"(50, 50, 50)",0.001,50000,74,False,adam,"{'activation': 'relu', 'alpha': 0.05, 'hidden_layer_sizes': (50, 50, 50), 'learning_rate_init': 0.001, 'max_iter': 50000, 'random_state': 74, 'shuffle': False, 'solver': 'adam'}",0.9145299145299145,0.9396551724137931,0.9310344827586207,0.9284065232341093,0.010424307311270246,26
1.1639939943949382,0.029863428825750025,0.0068217118581136065,6.43566291264515e-05,relu,0.05,"(50, 50, 50)",0.01,50000,74,False,sgd,"{'activation': 'relu', 'alpha': 0.05, 'hidden_layer_sizes': (50, 50, 50), 'learning_rate_init': 0.01, 'max_iter': 50000, 'random_state': 74, 'shuffle': False, 'solver': 'sgd'}",0.9145299145299145,0.8706896551724138,0.9137931034482759,0.8996708910502015,0.020495035941994647,94
0.380313237508138,0.019148694783449497,0.006701151529947917,3.776424525743078e-05,relu,0.05,"(50, 50, 50)",0.01,50000,74,False,adam,"{'activation': 'relu', 'alpha': 0.05, 'hidden_layer_sizes': (50, 50, 50), 'learning_rate_init': 0.01, 'max_iter': 50000, 'random_state': 74, 'shuffle': False, 'solver': 'adam'}",0.8974358974358975,0.9137931034482759,0.9310344827586207,0.9140878278809313,0.013718148096359573,63
0.6131539344787598,0.02352348218856456,0.006964206695556641,2.6302515148719282e-05,relu,0.05,"(50, 50, 50)",0.1,50000,74,False,sgd,"{'activation': 'relu', 'alpha': 0.05, 'hidden_layer_sizes': (50, 50, 50), 'learning_rate_init': 0.1, 'max_iter': 50000, 'random_state': 74, 'shuffle': False, 'solver': 'sgd'}",0.9145299145299145,0.8879310344827587,0.9224137931034483,0.9082915807053739,0.014752463459887916,81
0.482799768447876,0.09318518773411752,0.006837765375773112,3.176867302765756e-05,relu,0.05,"(50, 50, 50)",0.1,50000,74,False,adam,"{'activation': 'relu', 'alpha': 0.05, 'hidden_layer_sizes': (50, 50, 50), 'learning_rate_init': 0.1, 'max_iter': 50000, 'random_state': 74, 'shuffle': False, 'solver': 'adam'}",0.9230769230769231,0.8793103448275862,0.9224137931034483,0.9082670203359858,0.020477251243180332,83
0.10294628143310547,0.017776193384161,0.006674289703369141,4.561880599168237e-05,relu,0.05,"(50, 50, 50)",1.0,50000,74,False,sgd,"{'activation': 'relu', 'alpha': 0.05, 'hidden_layer_sizes': (50, 50, 50), 'learning_rate_init': 1.0, 'max_iter': 50000, 'random_state': 74, 'shuffle': False, 'solver': 'sgd'}",0.47863247863247865,0.6896551724137931,0.5172413793103449,0.5618430101188722,0.09174102472273328,149
0.06882794698079427,0.00015040368352958554,0.006704807281494141,0.00011983010445643985,relu,0.05,"(50, 50, 50)",1.0,50000,74,False,adam,"{'activation': 'relu', 'alpha': 0.05, 'hidden_layer_sizes': (50, 50, 50), 'learning_rate_init': 1.0, 'max_iter': 50000, 'random_state': 74, 'shuffle': False, 'solver': 'adam'}",0.7435897435897436,0.5172413793103449,0.8448275862068966,0.7018862363689949,0.13694906017226713,143
4.8246378898620605,3.1411894552402844,0.0071646372477213545,0.00019998390988638308,relu,0.05,"(50, 100, 50)",0.001,50000,74,False,sgd,"{'activation': 'relu', 'alpha': 0.05, 'hidden_layer_sizes': (50, 100, 50), 'learning_rate_init': 0.001, 'max_iter': 50000, 'random_state': 74, 'shuffle': False, 'solver': 'sgd'}",0.9230769230769231,0.5948275862068966,0.9310344827586207,0.8163129973474801,0.15664752620688893,135
1.0746022860209148,0.007282667828313033,0.006856838862101237,8.775905458752725e-06,relu,0.05,"(50, 100, 50)",0.001,50000,74,False,adam,"{'activation': 'relu', 'alpha': 0.05, 'hidden_layer_sizes': (50, 100, 50), 'learning_rate_init': 0.001, 'max_iter': 50000, 'random_state': 74, 'shuffle': False, 'solver': 'adam'}",0.9145299145299145,0.9396551724137931,0.9310344827586207,0.9284065232341093,0.010424307311270246,26
1.3891791502634685,0.035669398642990534,0.006990194320678711,4.008600329254458e-05,relu,0.05,"(50, 100, 50)",0.01,50000,74,False,sgd,"{'activation': 'relu', 'alpha': 0.05, 'hidden_layer_sizes': (50, 100, 50), 'learning_rate_init': 0.01, 'max_iter': 50000, 'random_state': 74, 'shuffle': False, 'solver': 'sgd'}",0.9230769230769231,0.9051724137931034,0.9482758620689655,0.9255083996463306,0.017680702701875536,37
0.4501321315765381,0.024801059974065152,0.007007996241251628,0.0001433240530228233,relu,0.05,"(50, 100, 50)",0.01,50000,74,False,adam,"{'activation': 'relu', 'alpha': 0.05, 'hidden_layer_sizes': (50, 100, 50), 'learning_rate_init': 0.01, 'max_iter': 50000, 'random_state': 74, 'shuffle': False, 'solver': 'adam'}",0.905982905982906,0.9137931034482759,0.9310344827586207,0.9169368307299343,0.010466060725139573,57
0.9747064908345541,0.014313117006790431,0.007005929946899414,0.0001132146047455824,relu,0.05,"(50, 100, 50)",0.1,50000,74,False,sgd,"{'activation': 'relu', 'alpha': 0.05, 'hidden_layer_sizes': (50, 100, 50), 'learning_rate_init': 0.1, 'max_iter': 50000, 'random_state': 74, 'shuffle': False, 'solver': 'sgd'}",0.9230769230769231,0.9137931034482759,0.9310344827586207,0.9226348364279399,0.007045701790676021,44
0.5976758003234863,0.40601523658491356,0.006913344065348308,4.707437171902135e-05,relu,0.05,"(50, 100, 50)",0.1,50000,74,False,adam,"{'activation': 'relu', 'alpha': 0.05, 'hidden_layer_sizes': (50, 100, 50), 'learning_rate_init': 0.1, 'max_iter': 50000, 'random_state': 74, 'shuffle': False, 'solver': 'adam'}",0.9316239316239316,0.9051724137931034,0.853448275862069,0.8967482070930347,0.032466225859534154,107
0.21035424868265787,0.10418532853452739,0.006803433100382487,3.7446309408662286e-05,relu,0.05,"(50, 100, 50)",1.0,50000,74,False,sgd,"{'activation': 'relu', 'alpha': 0.05, 'hidden_layer_sizes': (50, 100, 50), 'learning_rate_init': 1.0, 'max_iter': 50000, 'random_state': 74, 'shuffle': False, 'solver': 'sgd'}",0.47863247863247865,0.5172413793103449,0.5172413793103449,0.504371745751056,0.018200410322318058,157
0.0794527530670166,0.00045277945914346456,0.006769418716430664,3.6053009739601627e-06,relu,0.05,"(50, 100, 50)",1.0,50000,74,False,adam,"{'activation': 'relu', 'alpha': 0.05, 'hidden_layer_sizes': (50, 100, 50), 'learning_rate_init': 1.0, 'max_iter': 50000, 'random_state': 74, 'shuffle': False, 'solver': 'adam'}",0.6666666666666666,0.5172413793103449,0.5,0.5613026819923371,0.07483534476867665,150
