,Reality,svmrbf,lr,mlp
0,1.0,1.000030168617982,7.537829168139324,0.99999999734195
1,1.0,1.0427078179351754,2.4487735775125916,0.9998237877538857
2,0.0,-1.000342107197549,-1.579153758006242,0.03163844167796239
3,1.0,0.9998127793792759,1.5591602222441419,0.9996136903038156
4,0.0,-0.6081588844206389,-1.6958433218584386,0.005371887249488737
5,0.0,-1.0004813831034876,-0.6643999232610911,0.0036803616637341293
6,1.0,1.0184511827628544,1.9073503108071936,0.998808892597249
7,0.0,-1.0002677421827286,-1.1830744786791856,0.004918359411391515
8,0.0,0.19444906378581778,0.24566126014354983,0.06332740503199559
9,0.0,-1.0001622663573606,-1.837414915542621,0.0006970538381755597
10,0.0,-0.9999727493771262,-2.1990155161754052,0.00010459598272812582
11,0.0,-1.0000118565717364,-1.7582717986160212,0.00048537239402783274
12,0.0,-1.0002801589337218,-4.3949465285338984,7.178954422099704e-07
13,0.0,-1.0001128373513408,-1.9395846446355085,0.0001748935543535587
14,0.0,-1.0001011751499647,-1.8802902198145441,0.002116621163190445
15,0.0,-1.000132566020212,-1.9291029272301825,0.001355497264156787
16,1.0,0.9998654783628315,2.0210871056459547,0.9993483162543321
17,0.0,-0.9996250204043435,-7.637727283913045,2.868671375479203e-08
18,0.0,-0.9998227085346878,-1.9717920261302584,0.0004982710857818561
19,0.0,-0.9999846451688441,-1.50950983708653,0.00041383858245744445
20,0.0,-0.9998835926072944,-2.8706948409571265,7.291649943166398e-05
21,1.0,1.0001731983284672,3.634009975610205,0.9999947641104343
22,1.0,1.0000133407278786,3.322499216156645,0.999989480602988
23,1.0,1.0016672308962324,1.6124202984075489,0.9967502453948245
24,0.0,-1.0486481494996953,-2.5662579099216973,0.0002812299738053449
25,0.0,-1.0001196596405897,-2.9920832054702204,7.691109094781925e-05
26,0.0,0.42244803733345315,0.7688824979512145,0.7286964644461421
27,0.0,-1.000049139945632,-2.4301849965450346,0.00019274987074599357
28,1.0,0.9999931324289987,2.661509229360129,0.999964002344607
29,1.0,0.9997905656309305,2.3993890205245663,0.9999485669781765
30,0.0,-1.0186252111860714,-2.635100364523632,0.0018510698970898428
31,0.0,-1.000357759879083,-0.9330717263731932,0.0008812220521473386
32,0.0,-0.7715189012617627,-3.1443545744044608,2.5242634580178176e-05
33,0.0,-1.0003427503674969,-1.751256360332433,0.008288573268186432
34,0.0,-1.0404714648466742,-1.3969177490234648,0.01088360369935635
35,1.0,0.9995107307916126,1.9878746023885905,0.9996992111664211
36,0.0,-0.9998948040575084,-0.8852941573546931,0.0029762987165173503
37,0.0,-1.000191586755552,-0.9750016661462271,0.009343998337228276
38,0.0,-0.999851257306908,-1.644853886162072,0.0013843258963555725
39,0.0,-1.0002312757929852,-2.646558942860773,5.199937346922473e-05
40,1.0,0.9999441117902758,4.176384380571279,0.9999999221486918
41,1.0,0.9714811171560953,5.495250573222623,0.99999999474161
42,0.0,-1.042757373616983,-2.5793215756514254,0.0006642291144651263
43,0.0,-1.183170559690508,-2.4361574045923717,0.00037441041329081866
44,1.0,0.9999948490309082,2.6546984759596945,0.9996806348837896
45,1.0,1.000002464593108,3.9259685537743776,0.9999981017580777
46,1.0,1.0003446950135917,3.3868927103479978,0.999976890807802
47,0.0,-0.9997542467358675,-3.024870509710399,0.00022335745021959786
48,0.0,-1.4736019173824975,-2.223450928098342,0.0003525871217694844
49,1.0,1.0002199858588887,1.0395940064997433,0.9983069509582635
50,1.0,0.9999568675000952,2.512227499569435,0.9998469548359322
51,1.0,1.0251989662210879,2.099304541900471,0.9999503839063193
52,0.0,-1.4871543642360412,-3.595109206313694,3.309229749277195e-05
53,0.0,-1.0002246429534354,-2.5870722262940333,4.571359603650883e-05
54,0.0,-1.3736043028399731,-4.211993257227361,7.699745107234693e-06
55,1.0,-0.11338078615415648,-0.44024982215689545,0.7629895688129085
56,0.0,-1.0002091657765637,-4.881859672239483,1.593859851026892e-05
57,1.0,0.999917429749614,3.9750610424216974,0.9999999607694932
58,0.0,-0.999913855057972,-1.6802190316215961,0.0010032198061862986
59,0.0,-0.9997214060928852,-1.4092351925556583,0.0022122740532860073
60,0.0,-1.1996165190261998,-4.896077067622891,8.547024376405184e-05
61,0.0,-1.0002911197326545,-1.7441139072550311,0.0006327725965097056
62,1.0,1.000163311549768,2.9624030352202304,0.9999859000071917
63,0.0,-1.0001571627929722,-2.624557388304022,9.313266515872153e-06
64,0.0,-0.9999687198581588,-2.9820312569468497,6.740506477628504e-05
65,0.0,-1.162774166707275,-3.385929249751272,1.85860348947824e-05
66,1.0,1.000146020355419,2.2935360150497504,0.9997989601752975
67,0.0,-0.9995927112786263,-3.5590536276813465,9.120232436348632e-06
68,0.0,-0.9998610355162745,-0.9822338454887083,0.007354190601362997
69,0.0,-0.9999841516013925,-2.4646926245836527,6.255923626357105e-05
70,1.0,1.000270501958834,2.238755651150118,0.9994767448308456
71,1.0,1.0003033286240184,2.6678931251737206,0.9999617564003189
72,0.0,-1.2022141616121367,-1.6911177314503945,0.0033116936396657714
73,1.0,1.6725728940415028,2.7177404794949105,0.9999585847021046
74,0.0,-0.9999683876245862,-1.6266731934076117,0.005350293614689744
75,0.0,-0.37831771193802344,-0.8260326199244703,0.01890455363825085
76,0.0,-1.6410975362784845,-3.8895116306476547,6.295030950145032e-05
77,0.0,-1.0001684022861055,-1.1066078105163784,0.004086879275795405
78,1.0,0.9014186732615932,3.2592240064893634,0.9999993378205482
79,0.0,-0.9998153067052185,-2.4247099572151942,0.0010200079227499599
80,0.0,-0.5577071983202948,-1.3462768164914765,0.023167178928994583
81,1.0,0.08147124453210292,0.13327390907519154,0.511909353540579
82,0.0,-1.0537488372854251,-1.8138994959462444,5.18391448808702e-05
83,0.0,0.008976898545291934,0.08822616337578104,0.45745459432156144
84,1.0,1.0003582831764974,3.8088878115518403,0.9999932900452022
85,0.0,-1.5068007415251445,-3.3660873337652415,2.4087963658962813e-05
86,0.0,-1.0000808784068647,-3.278330885412939,6.998496857738329e-06
87,0.0,-0.6289096856311747,-3.850418873198474,6.633660869158725e-06
88,1.0,1.0000280891278677,2.207879775042617,0.9999155633204044
89,1.0,1.0003075453988362,2.0968051095233404,0.9995831549646204
90,0.0,-1.4697501575205763,-2.8355874447284064,0.00021829293234029525
91,1.0,1.0075669887208663,1.4584934805319492,0.9983315908481158
92,1.0,0.9997677596248531,1.3667309190240828,0.9987154289586977
93,1.0,1.0436627644669678,4.412278633947648,0.9999995416171504
94,0.0,-1.1070420752205774,-1.848300186828549,0.0016261600442290676
95,0.0,-0.9999801540509525,-1.6086951130106888,0.0019529245515414104
96,0.0,-0.7019699349138111,-0.7596283783956228,0.020149929423243226
97,0.0,-0.9225873668500515,-0.4405511416894913,0.005995861133040241
98,0.0,-0.5929011179546775,-2.5826904491704052,0.00031574006361588335
99,1.0,0.5276855764044265,1.3788001403810723,0.9956051874004995
100,0.0,-1.004653385873045,-3.750498652478459,0.00011392240616858216
101,1.0,0.9999848110293088,2.3274646361845193,0.9998944344485886
102,1.0,1.000209581453798,4.376783741677121,0.9999983717700828
103,0.0,-1.1123102946355703,-2.3303932045584723,0.0001647377801247346
104,0.0,-1.0542610938380366,-2.828576192309316,0.0002075721565934243
105,0.0,-0.3814906152776678,-2.0995322101308664,0.0003117962386459159
106,0.0,-0.7161970696591924,-2.3687189438646996,8.94525353913871e-05
107,1.0,0.9997784255685607,2.0567033109998203,0.9997221142091155
108,1.0,1.0003763957524043,2.420694501438426,0.9997980273880525
109,1.0,0.9999721581704628,1.6338299518084043,0.9993811755850935
110,0.0,-1.0820924396545348,-3.496885826030261,7.087189299302949e-05
111,0.0,-0.950645768473225,-1.6357545561132285,0.015662794251327515
112,0.0,-0.9210384843639154,-0.863362318409902,0.10388740768205765
113,0.0,0.08622129758608987,0.22747801112999955,0.8015048753280911
114,0.0,-1.0503190611779643,-2.6890302753274726,0.0002757631150264499
115,0.0,-0.999885465592969,-1.8158774793774255,0.0008102497355376544
116,0.0,-1.3880914471240544,-2.9267678035968405,0.00019511406083614166
117,1.0,1.1953850093276417,3.841527833787981,0.9999878275248048
118,1.0,1.00030455310581,2.5659472579229687,0.9998965733897824
119,0.0,-1.0005371794798514,-2.044098356923733,0.001720259964916871
120,1.0,0.45171984136307386,1.9794029226070446,0.9998871642556888
121,1.0,0.9998816652235827,1.962146435635684,0.9994032481565908
122,0.0,-0.103730873641524,-0.514416291848102,0.0013808343525991895
123,0.0,-1.1106427339418778,-7.7392353908257725,3.735261059298874e-07
124,1.0,0.7998732465287308,2.452372654562202,0.9999882834142566
125,0.0,-1.0001048598326716,-0.8266212040168681,0.006486903994973749
126,0.0,-0.07615417711260342,-1.6458393775213307,0.00033030633864978426
127,0.0,-1.0002554239235881,-0.7936636628825681,0.0035933959016346724
128,1.0,0.9999491853731068,3.392135960949421,0.9999187043677213
129,0.0,-0.6257074043039075,-3.0730668065772386,1.9019373425670332e-05
130,0.0,-0.26538785942526566,-0.26775961574067775,0.7765916539222261
131,1.0,1.000176134259923,1.881025230206429,0.9995927470118648
132,0.0,-1.0000069505445373,-1.8609738577605892,0.0009788829541988499
133,0.0,-1.0660900775567297,-3.1758931321848927,0.0008209706185297736
134,0.0,-1.0000061871669492,-2.458218403120479,0.0002816776048952766
135,0.0,-1.0002574546322482,-1.984230203044766,0.0004194936433534031
136,1.0,0.9998697386778477,2.5471637277075807,0.999436157234375
137,0.0,-1.4893886150875257,-4.956738391352548,8.629673892386487e-06
138,0.0,-1.0468855038884273,-2.709319710005091,0.0012543999271264674
139,0.0,-1.0003423680752452,-4.5561169684019225,3.5573617929502495e-05
140,0.0,-1.0002803960960793,-2.093861369640633,0.004895133144635326
141,1.0,0.6561336537958813,3.5643352348842754,0.9999987745507817
142,0.0,-1.0002152409319955,-1.0132293460365296,0.0021772675794727654
143,0.0,-0.9810193145405746,-1.2127010891038141,0.05586492043394219
144,0.0,-0.9996913434444059,-1.325461434766213,0.006933404643034922
145,0.0,-0.999868096778616,-1.5139169034001814,0.010522763368289702
146,1.0,0.6456841252833143,1.3563054897531408,0.9990453217419486
147,1.0,0.18557054585797195,1.0278188070983434,0.9674100733269396
148,1.0,1.00010639655328,1.8525923683862906,0.999190344614424
149,0.0,-0.9996897530164273,-1.8934959946212901,0.0028741471801610897
150,0.0,-0.25205919052646997,-5.749480344875024,5.052521226708911e-07
151,0.0,-0.9998924750909619,-2.2414854067603507,6.821561262527208e-05
152,0.0,-0.13077084652069548,-0.7532733773777174,0.00044707334812166196
153,1.0,1.0003997953764936,5.5010070797473105,0.9999999960373311
154,1.0,1.000255100794668,4.726872721882174,0.9999999808849803
155,0.0,-1.2013554557288972,-2.4172259950793644,0.0006905374180495292
156,1.0,1.0003396794433226,1.7213216826419544,0.9999244870311859
157,1.0,1.0001356294931496,2.399849101778906,0.998590659854093
158,1.0,0.4977588255905876,2.4518263162744924,0.999999256707427
159,0.0,-1.0001450116357984,-1.0376695704415888,0.003632006859213433
160,0.0,-1.0000691035739913,-6.559886486452763,2.3916091146930236e-08
161,1.0,0.6486225186199167,2.2488008476026105,0.9991385296903562
162,1.0,1.0001012214805494,2.5153399999081154,0.9993681913027658
163,0.0,-1.000156689149085,-1.4352679905421781,0.004492494539487212
164,1.0,0.9999983343472129,3.181895536021065,0.9999904501230232
165,1.0,1.0000247803616407,1.496819585467981,0.9979197732066228
166,0.0,-1.0614510321464339,-1.7608544601456384,0.00550592586476844
167,1.0,1.0347925528501962,4.187562267759742,0.9999993211658132
168,0.0,-0.22922119674486297,-1.065433763425458,0.004941729868953391
169,1.0,0.9998910956919567,1.5874630810594959,0.9961025504168088
170,0.0,-1.270558705766085,-3.587247067868436,3.172377520180231e-05
171,0.0,-1.3257303516853831,-3.5793397323280054,8.622171016988641e-05
172,0.0,-0.8399962857752616,-2.5103027962253206,0.0009649126996288381
173,0.0,-0.9997766710300351,-4.002387880787103,5.679893041671408e-05
174,1.0,1.0000213278519157,4.017088212238004,0.9999990344212835
175,0.0,-1.222161138037033,-3.69132188941846,0.00030838642548666013
176,0.0,-1.0001033463831104,-1.0411656271800083,0.009395835409770894
177,0.0,-0.5527938323402559,-0.9521273168285153,0.0029171048416561872
178,0.0,-1.139341401235179,-2.830358339669935,0.00025041413220121695
179,0.0,-0.4709180764651132,-0.9739848950071108,0.03902679830196248
180,0.0,-1.0003892063572581,-2.2614942195848116,0.00026711221234683766
181,1.0,1.0001075715822347,2.529094853270162,0.9986607499067068
182,0.0,-0.9997852305151735,-1.5564479839650132,0.0011584413153201147
183,1.0,1.000240449420514,2.7213995980410592,0.9999456457533032
184,0.0,-1.0000447552593725,-1.3993865682079014,0.02442296754160437
185,0.0,-1.0000225295031078,-2.0742480863905794,0.0002957393547251908
186,0.0,-1.0682599425757557,-1.9795143986163268,0.0012530024870676623
187,1.0,1.0416929426834816,2.021039307770211,0.9994687500890314
188,1.0,1.0000475450642239,2.0026066197104617,0.9994203318692525
189,0.0,-1.3728154189597646,-2.187846324387557,0.0009512149463899893
190,0.0,-1.0004080305140857,-1.3817250492578892,0.003321965615514904
191,1.0,0.9999917537394998,2.40997134300118,0.999922912141562
192,0.0,-0.9999193546013794,-2.008280530825073,0.0011065055186833595
193,0.0,-0.9998027918773698,-0.8601932655901907,0.005044463038757308
194,0.0,-0.9998295169723304,-0.5029639322395035,0.0049681727355228595
195,1.0,0.12735609111893936,0.15370555564829147,0.5772090169878987
196,0.0,-0.9997925602184368,-4.007806455788776,1.881239284748684e-05
197,0.0,-1.0003215933469527,-2.633345912401179,0.0003909548286786412
198,0.0,-0.999856645248522,-0.982191387698548,0.004764839373973683
199,0.0,-1.1357750498560664,-2.3507702470632097,0.0002551023196293513
200,1.0,0.9999379524699545,0.24683721315482143,0.9894741541900554
201,0.0,-1.313741695715454,-4.730369074604479,2.2870269328110736e-06
202,0.0,-0.35945992792390213,-0.4623400476452796,0.5243322582336224
203,0.0,-1.4225240070983503,-6.563757096691558,2.82536129481439e-07
204,0.0,-0.9996416222109499,-3.352939333599947,2.5595194423377296e-06
205,0.0,-1.0116718750989804,-3.490100892730471,9.123334304566722e-05
206,0.0,-0.8224363775929757,-1.857465351819546,0.0012613556706632086
207,0.0,-1.0003307584993752,-2.0622434531312077,0.0004343042224218864
208,1.0,0.4090388413589232,1.5449804092172246,0.9722314316821005
209,0.0,-1.5641404380119903,-4.376299578270137,2.6107942328005204e-05
210,0.0,-1.0981950892802188,-3.930470747503022,4.800937631580688e-05
211,1.0,1.000262500702517,4.655587158412878,0.9999998840344958
212,0.0,-1.000202167393659,-2.434992663672471,0.0017313611478811887
213,0.0,-0.9998933229465927,-1.752754055647814,0.00030679220539083397
214,1.0,0.999903108175079,2.3414623598818487,0.9997934841755465
215,1.0,1.000151513962448,1.2013819451575054,0.9950077187810941
216,0.0,-0.9999653208462069,-2.2197900014876257,0.0002549527468406407
217,0.0,-0.9996564991463222,-3.9704799026415705,6.144779459689327e-08
218,0.0,-1.0761091520981791,-1.617176066715624,0.00043871815005954877
219,0.0,-1.0003992046096537,-2.477565135503723,0.0005420765824788819
220,1.0,0.5644661537285652,3.2055501436329834,0.9997244063772786
221,0.0,-1.0003474004855475,-1.397856475474844,0.0025160507602400685
222,0.0,-0.6685536268553536,-4.88397168720013,5.410127894630117e-07
223,1.0,0.9999941027995712,1.3257345908823375,0.9988907030432552
224,1.0,1.0004114814714646,2.0275917213363304,0.9999248371066365
225,1.0,0.9269240651672587,3.100088143435653,0.9995543380557405
226,0.0,-1.3812439435377961,-2.4238507541511654,0.0012677179416511598
227,0.0,-1.0001491919846068,-2.7151250661693025,0.0006862687904967661
228,1.0,0.999474489791354,3.291864903379886,0.9999847061887139
229,1.0,0.9998294375893895,2.0216542992939015,0.9988136787617496
230,0.0,-0.6365385220322135,-0.4499759881550298,0.02148372775087733
231,0.0,0.141498265293796,0.0701144469024747,0.5352121231440111
232,1.0,0.6177520316713058,1.7936356739880999,0.9999759567509562
233,1.0,0.7358901764136765,2.5494946066414315,0.9999667155722463
234,1.0,1.0004298833435379,3.6842950239154195,0.9999994899135687
235,0.0,-0.999823340999404,-1.1866893080396212,0.0005720291272167896
236,1.0,1.0000295008921856,1.9094486795911692,0.9976990925340071
237,0.0,-1.0003671573000676,-1.1795240948476997,0.0038203582485295327
238,0.0,-0.7039136570252784,-0.8498682141094475,0.02687673930102787
239,0.0,-1.000038413479171,-4.045766945359014,1.6184904525634545e-05
240,1.0,1.000162789363725,1.701383881225684,0.9981460183058275
241,0.0,-1.0566620913797236,-7.338477158593198,2.217667360694493e-06
242,0.0,-1.2308816115213597,-4.5388818128153465,3.559979601927486e-06
243,1.0,0.14599202913025255,0.3631764178935437,0.9986082810319931
244,0.0,-0.9999460780749985,-3.9471116068419656,0.00025336876112796915
245,1.0,0.9253399485951517,0.7116930814964231,0.9915466992420747
246,0.0,-0.9998877364048064,-0.9706609764034044,0.005178619802265657
247,0.0,-0.9988148430959758,-0.7253870661641418,0.003407298525177921
248,0.0,-1.0004156495622247,-2.8100583141987876,0.00033835872365794577
249,0.0,-1.0353877291491291,-6.943633581358679,6.422004952448743e-07
250,1.0,0.9996122943545256,1.3875365515867617,0.995439169687906
251,1.0,0.6493216403245295,2.9697590950543953,0.9998712091543622
252,0.0,-0.9999842535547063,-2.107906530854364,0.0011475573396416353
253,0.0,0.06927057414646443,-0.26578257787935744,0.4163768063567309
254,0.0,-1.0004424395410738,-3.0838413998474,1.358885889895929e-05
255,0.0,-0.9999228751082136,-2.080786656649548,0.00034594843568017835
256,1.0,1.000069066574825,2.0929481264573093,0.9990076189450068
257,1.0,1.0691850962666634,2.918577798604985,0.9999880128290879
258,1.0,0.8387433671579794,3.828566427988968,0.9999965594377612
259,0.0,-1.3693304540874371,-2.465849717875061,4.522845786117193e-05
260,1.0,1.0003075978607538,3.029636241601515,0.9999979888367359
261,1.0,0.9997447067247266,1.3847543050211026,0.9982481172396482
262,0.0,0.01257415798555428,0.1136926048891157,0.2131363024905351
263,0.0,-0.39143760598382304,-5.742682731713087,2.6994389883951e-06
264,0.0,-0.4704972871223626,-1.5700246345621034,0.0020484834531962113
265,0.0,-0.6908635183401901,-0.5969434416345377,0.013288316144855285
266,0.0,-0.8305602991445475,-1.1371690804989167,0.0029879556767280504
267,0.0,-1.0002919039896896,-1.2226409976588215,0.0007421941229536279
268,1.0,1.0000548625712076,2.8098178720164757,0.9999010296805638
269,1.0,1.00004327515923,3.4999200615712116,0.9999479489799968
270,1.0,1.0000742821725281,3.4997854656764247,0.9999477906333085
271,0.0,0.8150303392625301,3.033932457276773,0.9997020488468924
272,0.0,-0.999918089050648,-2.231698733669895,0.0008128647341263724
273,1.0,0.9837721017441274,2.74906308538932,0.9999805929872189
274,0.0,-1.000129616384294,-3.835608390519842,1.7664027391544716e-05
275,0.0,-0.9998796058980357,-2.412527511258589,0.004913816024413196
276,0.0,-0.8635725342094505,-0.9918811251179173,0.007162549010149948
277,1.0,1.0000734706480248,4.3785092938312395,0.9998775940642611
278,1.0,1.1060452812800443,2.0959304731482415,0.9998231056361357
279,0.0,-1.0002625239678054,-2.360569566372602,0.0009896277747684647
280,0.0,-0.6012573493116611,-3.073885562367054,0.0003175363061659567
281,1.0,1.0004839642605587,3.5314220563362184,0.9999830931616456
282,0.0,-1.07121928929744,-2.2381693127691316,0.00014642811818235208
283,1.0,0.562616950500523,2.265910026651885,0.9991071829188514
284,0.0,0.23933978210649143,0.9562821606078857,0.9927274315954516
285,0.0,-1.5379943054263494,-3.436604389196116,5.0802535361753314e-05
286,0.0,-1.2854576933275688,-3.028062416727084,4.917592589075029e-05
287,0.0,-1.000050731119761,-3.259626633774851,7.666736835976887e-07
288,1.0,1.0002805242499622,1.5610049748005366,0.9996882704128909
289,0.0,-1.0003362780241207,-2.0647051694261864,0.00022885430638097863
290,0.0,0.6344858684825203,1.516027506543654,0.999771562723034
291,1.0,0.9999613614130882,2.845845492516756,0.9999978060411929
292,0.0,-1.1695540818098686,-1.6770150096023684,0.0013634574798178456
293,0.0,-0.14596692957691226,-0.43710730558892197,0.7341614069731611
294,0.0,-1.0000677473758626,-1.5725126133318483,0.001572316247144555
295,0.0,-0.636631956272782,-1.422814178648605,0.00019766588402679447
296,0.0,-0.7876117862343892,-1.1300192360357868,0.004810706270650594
297,1.0,1.0002329715985514,2.3079194659388413,0.998331558638731
298,0.0,-0.9998358391537088,-3.7816958119516944,4.185386006115742e-05
299,0.0,-1.0000045928783692,-3.5855690566578016,0.00010382554788993105
300,1.0,1.0301500572894184,1.9736688258893411,0.9997830224521758
301,0.0,-1.0004690340058005,-0.4957273931775472,0.007087641899407727
302,1.0,0.8428244621182579,6.706644876424074,0.9999999987977588
303,1.0,1.0000491498719895,5.527692956876227,0.999999993209987
304,1.0,1.0682174068433783,2.2305134912827143,0.9997200383622352
305,0.0,-0.9999231599783174,-1.5842399588602272,0.0009090539535563748
306,0.0,-0.9997383730860101,-3.3991065097834303,4.087522346127826e-05
307,0.0,-1.0000651396221398,-1.64366433722644,0.0009485365259852067
308,0.0,-0.9999491519006809,-0.8508038308141712,0.0026893739510470364
309,0.0,-1.174200413285416,-3.1112255448364454,0.0007523567267237003
310,1.0,1.0158106695954958,2.026381930804968,0.9996997160125661
311,1.0,0.26714579672881467,0.8885259469529414,0.8821507388842437
312,0.0,-1.000258362283602,-2.3334378163453335,0.00038368428234161924
313,1.0,0.9998679268110333,2.406643246311676,0.9990063002354682
314,1.0,1.0749054413341494,0.7651163974671751,0.9752014008664914
315,0.0,-1.0000931489468468,-0.6933103479580109,0.002416445098703775
316,0.0,-0.999986434334585,-1.9281141276674902,0.0029237675691573717
317,1.0,0.924443567086592,0.8221230145498208,0.9902729399167225
318,1.0,1.0000633847038283,1.8046310602025477,0.9991999382839882
319,0.0,-0.9109933752549679,-0.6072613556009059,0.0076751858894939
320,1.0,-0.5034028225451994,-0.26136345187712495,0.16458869933508397
321,1.0,0.9999381114112229,1.7885521651643492,0.9992096463034986
322,0.0,-0.5461930667133978,-1.0807655964284169,0.15889895479903382
323,1.0,0.999961948936581,1.9147895550638194,0.9995024638878807
324,1.0,0.9997395644822415,4.878855974674509,0.9999998099962352
325,1.0,1.0002575249252725,1.5256730468437778,0.9959798477557599
326,0.0,-1.0003303886253891,-1.935951743234964,0.0005502192373811204
327,1.0,0.9695466393025329,5.496510135059697,0.9999999586600036
328,1.0,1.0004416293580098,4.531617257851145,0.9999996132766092
329,1.0,1.1584939939232817,3.082980225252002,0.9999975472591937
330,0.0,-0.9997958260534108,-0.5728598835797218,0.00577742107148361
331,0.0,-0.9997843686183234,-1.6477264089791626,0.0052419135366504705
332,1.0,0.9999947396031352,2.519189633394581,0.9997303528586738
333,0.0,-0.6613557862508701,-1.2757200236993966,0.0010516750585772968
334,1.0,0.9998987727974771,1.3679043953207317,0.9977479863703764
335,0.0,-0.3375957307472214,0.12323143046207274,0.0053019142643476675
336,0.0,-0.6490161238319816,-0.6030536286278789,0.08340092946465218
337,0.0,-0.999668865649467,-2.2791226093206234,0.00022293688503433612
338,0.0,-0.28402261366104253,-4.0486202564554805,1.9791400117071444e-06
339,0.0,-0.7154725608943642,-0.9717032595905899,0.061409067366555124
340,1.0,1.0000826412408064,4.393162893417424,0.9999997996182357
341,1.0,0.9999626411793688,4.012005222039967,0.9999972916077285
342,0.0,-0.8250309854794737,-5.415932888146086,1.887561171048334e-06
343,1.0,0.38930130322527906,1.2312236811076236,0.9817201814568652
344,0.0,-0.9998819312589815,-1.7943880210159355,6.405732105899082e-05
345,1.0,1.0001344069511156,2.535698635027381,0.9997069682564736
346,1.0,1.0003306176261184,2.3903886844171334,0.9999192591817411
347,1.0,1.0002594519268375,2.978016403394701,0.9999680273525002
348,1.0,0.9997024217509067,1.0723855705825778,0.9874736624110559
349,1.0,1.000413877812746,2.71557414291014,0.9999784267175456
350,0.0,-1.0762008699463375,-2.6642925997016027,0.0033423437750421097
351,0.0,-0.9997641611274857,-5.8394696043250605,1.8762094048629758e-07
352,0.0,-1.2745432856521977,-4.1015076678452855,4.4488913232550355e-06
353,0.0,-0.9998883348062224,-1.6677215431513088,0.007014154026577695
354,1.0,1.0004114194610976,3.602401281080252,0.9999964707252265
355,1.0,1.000111899997648,3.1352979090689788,0.9999938340274807
356,1.0,0.6981525569436372,3.9546824926833866,0.9999988711292691
357,0.0,-0.05218127347236656,0.6391686649570136,0.5897365858320746
358,1.0,0.7289599402467324,2.90095293886868,0.9982899167636429
359,0.0,-0.7043886542283944,-3.5223801331799187,0.00020475669394686647
360,0.0,-0.9999734002531477,-1.467048302192424,0.0013904938207242562
361,0.0,-0.6890530628439719,-3.057230896255337,5.2238029720580276e-05
362,0.0,-0.912053647446192,-3.2595245505486092,0.00021227669320379142
363,0.0,-1.3089146652700723,-2.6855748903477457,0.0001793509541987021
364,0.0,-1.0000750995508891,-1.6296885122430134,0.0008889420550715076
365,0.0,-0.8154970343582093,-0.4744848016166146,0.009876779296182046
366,0.0,-0.9998770354817956,-1.3047705687068507,0.005377880003568569
367,1.0,1.1051908250175317,4.985271254371317,0.999999126921193
368,0.0,-1.0002623814259721,-0.9848593237574573,0.0018463408752291707
369,1.0,0.9995790174091918,0.8856088358136058,0.9955609554241148
370,0.0,-1.127836197464065,-2.7474122381848884,0.0004648309261743278
371,1.0,0.9999965332233083,3.103098234521437,0.9999616123425287
372,0.0,-1.8420498724913736,-4.388795740507454,1.2829826349910181e-05
373,1.0,1.0011323400534886,3.82441928567207,0.9999985434144885
374,1.0,1.0002155929632108,4.212634721103385,0.9999971018191494
375,0.0,-1.46820048352726,-3.8264309429660592,2.9964726635931746e-05
376,1.0,0.9554481229946249,0.7231378046814434,0.9771658613964561
377,1.0,1.1985000044508363,3.830094835936971,0.9999875301320081
378,1.0,1.0000102006960812,3.1221588143231767,0.9999979174820152
379,1.0,1.0004235587630939,1.050762848823639,0.9925292236669981
380,1.0,0.42360192989706597,0.7268649742078137,0.9923007837472356
381,1.0,1.0002459757731708,2.073378828752179,0.9994733784777028
382,1.0,1.084567259210278,2.928062353526336,0.9996848140061649
383,1.0,1.0001772534057085,2.3810870724571283,0.9998665369857188
384,1.0,0.9999938822121214,3.9182941717593662,0.9999992513390552
385,1.0,0.9422415911859117,1.183812102431798,0.9969722629253752
386,1.0,1.0001533510168055,1.8888404462360169,0.9992710176088041
387,1.0,0.9995502406440773,5.035506902313661,0.9999998889802763
388,1.0,-0.10894419079512119,-0.3119534492282604,0.7990022973429138
389,1.0,-0.06427953241616025,-0.38905771336667244,0.787173641024193
390,1.0,0.9821119555294255,0.9984898493429268,0.9964760760060386
391,1.0,1.2915235578588713,3.1376726889969166,0.9999877058553909
392,1.0,0.9999635274351861,4.059730830617345,0.99980004771341
393,1.0,1.0002942583553274,1.722711538558708,0.999226745299699
394,1.0,1.000387385860931,3.85216012455233,0.9999605226836047
395,1.0,-0.15789731295331255,-0.12780261117495212,0.8181349726131042
396,1.0,1.0002241973685915,2.0714960010203205,0.999367740338713
397,1.0,1.0003383324671844,1.828444798052039,0.9996618052921254
398,1.0,-0.13741678037800176,-0.2690774971497627,0.9257161984636608
399,1.0,1.0102834793195354,2.3668861210413903,0.9996500987080047
400,1.0,1.0104308717187847,2.4861007010505265,0.9997357228109078
401,1.0,1.09539340455309,3.2632726153522453,0.9999906995229821
402,1.0,0.16344115986257346,0.25514447865818424,0.9778110023858049
403,1.0,1.1012840731348752,3.427257835393842,0.9999734614058726
404,1.0,0.9995614823011759,2.4782292570531226,0.9998262788895943
405,1.0,1.004729803382459,2.8774061044150434,0.9999812180410507
406,1.0,0.8697888946177558,0.9331307625998153,0.9948786113780026
407,1.0,1.0443936129083597,1.9362313861814753,0.9996733983114885
408,1.0,1.1310085579741085,1.9544620973472144,0.9997528994932154
409,1.0,0.9651241112806618,1.1125291819029592,0.9928703859726469
410,1.0,0.9997127648369792,2.5226923545424684,0.9998049830803447
411,1.0,1.0047563391514382,4.277139425562065,0.9998568614295983
412,1.0,0.9999802875511541,1.0832360783009156,0.998477656748587
413,1.0,0.14530244290042693,0.1300265290118504,0.9760689570057015
414,1.0,1.0000744916043676,1.801503210547905,0.9996473797065318
415,1.0,0.7375297397259667,1.7709910601182062,0.9993922035618947
416,1.0,1.0000230800002625,0.926399639491009,0.9836319151140537
417,1.0,0.9939446502301121,2.01032531397131,0.9994096555330659
418,1.0,0.9998820457800759,3.4804161777575917,0.9999814763040281
419,1.0,1.0000958549815606,1.9042131504283992,0.998830333448354
420,1.0,0.9996141713015865,2.26699317094893,0.9999227161113807
421,1.0,1.0326660592135468,2.2676291704842377,0.9989881920818907
422,1.0,0.999993952641004,1.399911129319258,0.9977447207427247
423,1.0,0.88571009000129,2.3257229357572964,0.9999503832309994
424,1.0,1.0000639654208825,3.499832917071836,0.9999478465128773
425,1.0,0.999512972730985,2.709031662002351,0.999956487446451
426,1.0,0.8602319268033918,1.1007975656086983,0.9967198956159247
427,1.0,0.7784932674716569,2.7823209497482946,0.9983702051089152
428,1.0,1.0000661200928271,3.499823256372105,0.9999478351411237
429,1.0,1.3543537548543316,4.2887148275976985,0.9999958038278756
430,1.0,1.0295849533883508,2.0068528620482304,0.999769640232187
431,1.0,0.8291542360638825,1.2327849410142098,0.9944491090980357
432,1.0,0.9996822856980749,2.2721027854597438,0.9990874815415263
433,1.0,0.9977589473136277,1.079046860512601,0.9880961685087047
434,1.0,-0.10554778195783776,-0.4064363710925623,0.7893478419152576
435,1.0,0.9997104953546245,0.9856816659804177,0.9880685817854227
436,1.0,0.8731931135843833,1.8821022720602396,0.9998929267176496
437,1.0,0.7497906001099421,0.6993141036111019,0.9919684946671986
438,1.0,1.0268418720311918,4.671405031605377,0.9999999755436103
439,1.0,0.8915505927044751,0.9682666324009674,0.989304996326161
440,1.0,1.0453668412049264,3.500279633987625,0.9999858971099099
441,1.0,1.000070479411106,3.0190369822759324,0.9999860058796132
442,1.0,0.9996439936316956,1.622352786444439,0.9994122958721342
443,1.0,1.1262310842216343,1.9254646770026904,0.9998262196132276
444,1.0,1.0554897906852745,2.355575104464809,0.9999359540985524
445,1.0,0.27029001871578556,0.4204912502050341,0.9887203076154578
446,1.0,0.9999738155211604,1.9720509908486707,0.9999185732476205
447,1.0,1.000316805970047,1.6330719056311207,0.9967727946678738
448,1.0,0.989205097153191,1.451685748615364,0.9982650299450945
449,1.0,1.0001895495558684,2.2687566479497656,0.9997326071564471
450,1.0,0.9995187603996806,1.7517104930716816,0.9984659361833341
451,1.0,1.1124878374909841,4.679980663308138,0.9999999388745273
452,1.0,-0.1079213755950772,-0.43452892319711445,0.7657899799657981
453,1.0,0.13210726198308687,0.3421152152265188,0.9984395983172811
454,1.0,0.9880801920353097,1.9875497602292962,0.9996151654566068
455,1.0,1.0709874503771664,5.046208182820474,0.9999999905229008
456,1.0,1.0000110886965219,5.397064411735504,0.9999999928221486
457,1.0,0.9198209379307453,1.1068501696940007,0.9957518073932744
458,1.0,1.0003077000400218,5.823411083635876,0.9999999917629293
459,1.0,1.0096174578876276,4.168175872517294,0.9999989066037007
460,1.0,1.0003901152239307,1.3967704078094585,0.997914991353666
461,1.0,0.9996664069664037,1.3125454879944918,0.9983409677909827
462,1.0,0.9996857680174891,3.2362594347422737,0.9999883718885929
463,1.0,1.0004063961068448,1.7891616719990255,0.9949891295697942
464,1.0,1.000256780694646,1.6529635011477823,0.9993319779985473
465,1.0,1.000360338325754,3.739185855956376,0.9999983741160027
